id,email,first_name,last_name,birth_date,company,department
1,bkilrow0@marriott.com,Burt,Kilrow,1990-06-14T04:49:05Z,Metz-Johnson,Engineering
2,hmeysham1@zimbio.com,Hephzibah,Meysham,2019-05-12T07:24:18Z,Carter-Graham,Legal
3,nstirtle2@delicious.com,Nicol,Stirtle,2005-06-06T00:09:27Z,Gorczany and Sons,Product Management
4,mattlee3@zdnet.com,Meghan,Attlee,2008-07-30T08:32:51Z,"Abbott, Raynor and Davis",Sales
5,bhierro4@topsy.com,Berri,Hierro,2019-08-22T11:36:15Z,Klein-Morar,Business Development
6,jboram5@sina.com.cn,Jaye,Boram,2015-10-24T20:55:28Z,Marquardt Inc,Services
7,fhedditeh6@ovh.net,Farley,Hedditeh,1994-09-27T06:26:00Z,"Kulas, Kozey and Adams",Marketing
8,osomerfield7@sina.com.cn,Osmond,Somerfield,2000-06-14T12:14:25Z,"Klein, Weimann and Graham",Support
9,mhackett8@devhub.com,Micheal,Hackett,2014-06-03T12:11:15Z,O'Keefe-Rippin,Sales
10,nughini9@goo.ne.jp,Normand,Ughini,1999-05-29T18:05:16Z,Mayer-Lesch,Business Development
11,ologgiea@bigcartel.com,Olivette,Loggie,2007-04-18T19:51:47Z,Franecki Inc,Support
12,rdubarryb@reverbnation.com,Reta,Dubarry,1997-03-07T20:52:26Z,Sanford and Sons,Accounting
13,kcurtissc@google.de,Keen,Curtiss,2014-05-04T12:29:48Z,Rosenbaum Group,Business Development
14,svasyukovd@omniture.com,Shurlocke,Vasyukov,1995-05-13T09:58:13Z,"Eichmann, Rohan and Hermiston",Business Development
15,cfeasbye@smugmug.com,Carola,Feasby,2008-03-26T14:33:42Z,Moen-Donnelly,Accounting
16,elukasenf@discuz.net,Ervin,Lukasen,2013-10-29T05:23:42Z,Kuhlman-Schoen,Legal
17,mpolglazeg@angelfire.com,Marchelle,Polglaze,1994-03-23T05:44:20Z,Borer-Hermiston,Accounting
18,rsireyh@php.net,Rosabel,Sirey,2004-11-15T16:48:37Z,"Schulist, Becker and Kris",Training
19,iclappsoni@angelfire.com,Izabel,Clappson,2016-12-06T19:32:30Z,"Hessel, Dickens and Hand",Product Management
20,hyeelesj@goo.ne.jp,Hyacinth,Yeeles,2010-05-25T23:17:56Z,"Dare, Volkman and Hickle",Product Management
21,hvedyaevk@bbc.co.uk,Harman,Vedyaev,2014-01-12T05:17:53Z,Lakin-Balistreri,Engineering
22,fellowayl@topsy.com,Farah,Elloway,2009-01-08T04:08:21Z,Gottlieb-Stanton,Marketing
23,kwiersmam@telegraph.co.uk,Karlis,Wiersma,2002-08-17T16:55:58Z,"Dietrich, Hartmann and Lowe",Sales
24,cblackborown@deviantart.com,Crosby,Blackborow,2004-08-24T05:21:48Z,Reichert-Adams,Product Management
25,kpalferyo@narod.ru,Kurtis,Palfery,1993-09-30T11:42:53Z,Williamson Inc,Sales
26,fbuttsp@vinaora.com,Fraser,Butts,2000-09-17T18:50:56Z,"Sauer, Collins and Kuhic",Marketing
27,rreedmanq@pinterest.com,Roger,Reedman,2011-05-06T13:24:35Z,Rodriguez-Douglas,Training
28,apirsonr@rambler.ru,Aubree,Pirson,2020-09-30T16:30:34Z,Romaguera LLC,Business Development
29,esimaneks@sitemeter.com,Elisabeth,Simanek,2008-02-08T16:42:40Z,Carroll-Dooley,Legal
30,balest@zimbio.com,Bride,Ales,2009-11-26T15:28:42Z,Auer-Jacobi,Services
31,dgullefordu@mtv.com,Dennet,Gulleford,2004-12-05T12:30:58Z,"Marvin, Koelpin and Bergnaum",Legal
32,hcarlinv@unblog.fr,Heath,Carlin,2002-02-28T23:23:39Z,Leuschke Inc,Training
33,linkpinw@gravatar.com,Larine,Inkpin,2004-03-07T18:41:29Z,"Langworth, Rau and Bogisich",Support
34,otubrittx@altervista.org,Orelee,Tubritt,2001-04-28T14:23:48Z,"Mitchell, Harber and Boyle",Accounting
35,dhindenburgy@chron.com,Devlin,Hindenburg,2015-02-18T00:01:37Z,Funk Group,Engineering
36,gsumnallz@ucla.edu,Gar,Sumnall,2004-03-12T21:09:31Z,Reichel-Gusikowski,Business Development
37,adhooghe10@theglobeandmail.com,Archambault,D'Hooghe,2010-05-17T15:15:08Z,Nikolaus Group,Business Development
38,hspear11@wired.com,Helaina,Spear,1991-11-06T13:40:18Z,Rath LLC,Product Management
39,gbastiman12@lycos.com,Georgine,Bastiman,2010-03-05T14:26:43Z,Schowalter-Gottlieb,Business Development
40,odrynan13@cbslocal.com,Odey,Drynan,2019-05-30T16:25:48Z,"Franecki, Murphy and Halvorson",Services
41,mgonnel14@skype.com,Michaelina,Gonnel,2009-12-11T22:09:27Z,O'Keefe Inc,Services
42,wmussington15@intel.com,Winnie,Mussington,1992-02-17T05:06:51Z,Hackett LLC,Accounting
43,ahaig16@paypal.com,Annelise,Haig,2016-09-22T10:29:37Z,Terry-Champlin,Marketing
44,mmaroney17@ocn.ne.jp,Murry,Maroney,2014-11-29T11:15:01Z,"Jakubowski, Walker and Gottlieb",Training
45,jbarbour18@wp.com,Jamill,Barbour,2015-09-25T03:19:51Z,Nienow and Sons,Business Development
46,ddouty19@liveinternet.ru,Donia,Douty,1994-12-28T12:13:45Z,Keeling LLC,Business Development
47,dgrellis1a@noaa.gov,Darlleen,Grellis,1993-02-09T22:17:14Z,Conn LLC,Support
48,ahabershon1b@prweb.com,Ardelia,Habershon,1991-06-29T06:39:01Z,Shields Group,Marketing
49,dgooke1c@cbslocal.com,Damian,Gooke,2003-06-09T11:28:27Z,Windler-Reilly,Services
50,mffrenchbeytagh1d@clickbank.net,Maryanna,ffrench Beytagh,2019-03-06T01:20:38Z,Schamberger-Greenholt,Product Management
51,mranderson1e@sun.com,Marian,Randerson,2013-02-19T09:05:12Z,"Watsica, Hamill and Towne",Product Management
52,tcatterell1f@discovery.com,Tana,Catterell,2005-03-08T14:52:52Z,Jakubowski and Sons,Services
53,cchaise1g@cdc.gov,Corina,Chaise,1996-02-13T11:46:21Z,Roberts and Sons,Support
54,akissell1h@wordpress.com,Angy,Kissell,2005-07-07T15:32:38Z,"Volkman, Mann and Lemke",Training
55,fportt1i@homestead.com,Francklyn,Portt,1998-06-11T22:27:44Z,Johnson-Gaylord,Research and Development
56,tteodori1j@patch.com,Timmy,Teodori,2018-03-21T12:47:22Z,"Ziemann, Roob and Fritsch",Support
57,gheal1k@apple.com,Glenna,Heal,2012-11-17T12:53:34Z,Wiegand-Gusikowski,Business Development
58,kgooder1l@comsenz.com,Kara-lynn,Gooder,2004-10-10T05:39:13Z,"Oberbrunner, Casper and Gerhold",Services
59,dpirdy1m@noaa.gov,Danna,Pirdy,1990-09-20T06:08:22Z,"Davis, Marks and Pollich",Training
60,polivera1n@indiatimes.com,Prudence,Olivera,1997-09-03T03:48:35Z,"Muller, Koepp and Dickinson",Business Development
61,jduckett1o@seesaa.net,Jordanna,Duckett,2016-09-26T04:20:12Z,"Auer, Hessel and Kub",Business Development
62,plewzey1p@shinystat.com,Phoebe,Lewzey,2006-04-09T14:21:18Z,Weimann Inc,Sales
63,cpharrow1q@adobe.com,Caldwell,Pharrow,2008-08-01T02:13:47Z,Rosenbaum LLC,Product Management
64,estonelake1r@ifeng.com,Enrica,Stonelake,1990-01-02T22:03:24Z,"Hansen, Jacobson and O'Keefe",Product Management
65,zrosone1s@cmu.edu,Zedekiah,Rosone,1991-10-03T04:28:18Z,Howell-Schimmel,Legal
66,swoloschin1t@vk.com,Sanford,Woloschin,2000-10-25T12:35:00Z,"Thiel, Kohler and Morar",Human Resources
67,ahallford1u@pcworld.com,Ailene,Hallford,2008-05-30T11:34:26Z,"Towne, Spencer and Blick",Support
68,rsudlow1v@economist.com,Reginauld,Sudlow,2007-10-19T10:11:58Z,"Breitenberg, Paucek and Feil",Human Resources
69,dnewvell1w@pen.io,Dominick,Newvell,1993-07-03T07:37:44Z,"Heller, Wuckert and Bechtelar",Marketing
70,aceles1x@sbwire.com,Armand,Celes,2003-01-11T11:17:13Z,Blick-Hagenes,Business Development
71,mmontel1y@redcross.org,Mia,Montel,2010-10-31T21:56:15Z,Dare Inc,Product Management
72,mfeldmann1z@livejournal.com,Miles,Feldmann,1993-07-19T12:29:36Z,Durgan and Sons,Human Resources
73,bfyfe20@nih.gov,Brice,Fyfe,2004-03-28T18:21:46Z,"Wunsch, Runolfsson and Konopelski",Sales
74,kgilbane21@facebook.com,Kris,Gilbane,2010-04-16T01:42:48Z,"Gleichner, Kutch and Heathcote",Product Management
75,bhavill22@blogger.com,Bartel,Havill,2005-06-22T23:54:31Z,Koelpin-Padberg,Services
76,hbeeton23@godaddy.com,Haroun,Beeton,2001-03-17T05:14:57Z,Bernier-Corkery,Sales
77,pabbots24@infoseek.co.jp,Pamela,Abbots,1997-09-24T18:56:17Z,"Bayer, Dickens and Feil",Research and Development
78,fbaptiste25@europa.eu,Felisha,Baptiste,1991-11-16T02:08:18Z,Keeling Group,Training
79,gealden26@flavors.me,Gwenette,Ealden,2020-11-02T23:50:26Z,Grant LLC,Legal
80,ktivers27@google.com.au,Kylie,Tivers,2008-08-25T05:51:21Z,"Mertz, Schimmel and Reilly",Research and Development
81,mmurrell28@sourceforge.net,Margalo,Murrell,1997-05-20T18:03:28Z,Hartmann LLC,Product Management
82,pgalton29@scribd.com,Page,Galton,2012-04-08T11:44:31Z,Waelchi LLC,Product Management
83,telgee2a@photobucket.com,Trevor,Elgee,2000-02-02T15:33:44Z,"Gottlieb, Balistreri and Klein",Product Management
84,vmcmurrugh2b@google.co.jp,Vilma,McMurrugh,2013-07-04T19:03:04Z,Abbott-Schroeder,Accounting
85,dluten2c@microsoft.com,Dorotea,Luten,2004-09-14T11:05:06Z,"Gulgowski, Stokes and Quitzon",Human Resources
86,wfaichney2d@cocolog-nifty.com,Witty,Faichney,1996-02-21T15:16:28Z,Bosco-Gerhold,Research and Development
87,tgeydon2e@moonfruit.com,Tobi,Geydon,1998-10-17T03:28:16Z,Bayer Group,Marketing
88,cgreenshiels2f@sitemeter.com,Charlotta,Greenshiels,2000-10-16T11:26:19Z,"Hagenes, Wilkinson and Kemmer",Human Resources
89,estittle2g@amazon.de,Evelyn,Stittle,2017-09-04T07:28:03Z,Kuvalis LLC,Engineering
90,bcamilletti2h@google.com.au,Bert,Camilletti,2008-08-17T06:26:26Z,"Sipes, Schultz and Legros",Training
91,bpelerin2i@virginia.edu,Bendick,Pelerin,2000-07-16T23:17:43Z,"Champlin, Collins and Lind",Legal
92,athomke2j@seattletimes.com,Addy,Thomke,1992-10-12T07:13:26Z,Witting-Nicolas,Sales
93,rpettingill2k@wufoo.com,Ruttger,Pettingill,2006-07-24T07:57:06Z,Block Group,Legal
94,nhassin2l@51.la,Nathan,Hassin,2010-01-10T17:47:55Z,Frami-Pfeffer,Research and Development
95,pdorwood2m@usgs.gov,Pauline,Dorwood,1996-05-31T17:56:32Z,Green-Prosacco,Human Resources
96,mmackeogh2n@google.nl,Minnaminnie,MacKeogh,1991-12-11T05:32:31Z,"Renner, Gleason and Waelchi",Marketing
97,kjerrand2o@netlog.com,Kipp,Jerrand,2014-09-20T09:47:25Z,"Johnson, Homenick and Spinka",Services
98,pprine2p@techcrunch.com,Percy,Prine,1998-02-06T18:55:54Z,"Ernser, Howell and Grant",Sales
99,apischel2q@smugmug.com,Ario,Pischel,1991-03-25T19:08:37Z,Wisozk-Dibbert,Marketing
100,pfuggle2r@sphinn.com,Pernell,Fuggle,2004-12-08T02:12:06Z,"Renner, Roberts and Goodwin",Accounting
101,erutty2s@cyberchimps.com,Ellis,Rutty,1996-01-30T06:00:53Z,Wuckert LLC,Marketing
102,dhearsey2t@hhs.gov,Dee,Hearsey,1994-10-27T07:15:01Z,"Kunze, Stoltenberg and Lehner",Marketing
103,rsalisbury2u@cdbaby.com,Rab,Salisbury,2012-11-11T02:55:51Z,Schuster Inc,Engineering
104,gselley2v@i2i.jp,Guinevere,Selley,2012-02-05T22:38:11Z,West Inc,Marketing
105,tjoll2w@blogs.com,Traci,Joll,2004-11-02T06:14:31Z,Lebsack-Lang,Business Development
106,bbemlott2x@vkontakte.ru,Brigg,Bemlott,1996-12-30T11:17:51Z,Lakin Inc,Services
107,tcroley2y@woothemes.com,Torrie,Croley,2006-01-28T13:38:47Z,Brakus-Cronin,Training
108,srowe2z@google.it,Saleem,Rowe,2016-05-26T18:37:13Z,"Heller, Sawayn and Hackett",Engineering
109,pwardle30@mashable.com,Paulie,Wardle,1997-03-24T07:16:43Z,"Simonis, Renner and Ferry",Services
110,vbardnam31@github.com,Valerie,Bardnam,2008-04-18T18:13:52Z,"Blanda, Jones and Brown",Support
111,eorteu32@myspace.com,Esma,Orteu,2001-09-26T09:00:29Z,MacGyver-Bayer,Accounting
112,lcrocetti33@dailymail.co.uk,Leigh,Crocetti,2011-01-13T22:46:31Z,Hintz LLC,Research and Development
113,abulford34@mit.edu,Adela,Bulford,2005-08-31T07:49:11Z,"Pollich, Parker and Prosacco",Engineering
114,lhaslam35@bing.com,Les,Haslam,2020-01-07T08:33:49Z,Leannon-Thiel,Services
115,bmowat36@mtv.com,Bartlet,Mowat,2010-12-23T13:42:44Z,Zieme LLC,Product Management
116,pleyland37@squidoo.com,Petrina,Leyland,2004-07-30T20:33:52Z,"Harris, Hickle and Jacobi",Support
117,lbarnwille38@feedburner.com,Linn,Barnwille,2005-01-05T10:09:59Z,Kuvalis-Crist,Engineering
118,golennikov39@mapy.cz,Giffard,Olennikov,1993-02-05T09:10:38Z,Kihn-Mueller,Human Resources
119,jpietasch3a@gmpg.org,Josepha,Pietasch,2006-12-04T18:01:46Z,Parisian Inc,Research and Development
120,mmuckle3b@aboutads.info,Mose,Muckle,2018-02-22T01:41:55Z,"Doyle, Turner and Quitzon",Services
121,nsemble3c@t-online.de,Nikos,Semble,1996-12-14T01:44:17Z,"Boyer, Stracke and Pagac",Engineering
122,ipolkinghorne3d@aol.com,Ivett,Polkinghorne,1990-09-27T13:32:02Z,Gaylord-Legros,Legal
123,nmumford3e@vimeo.com,Neale,Mumford,1999-05-15T22:32:06Z,Rogahn Inc,Sales
124,dinworth3f@cbslocal.com,Dido,Inworth,2002-07-17T09:31:27Z,"Mueller, Krajcik and Rau",Accounting
125,evokes3g@home.pl,Eudora,Vokes,2011-03-23T20:15:10Z,Tremblay-Vandervort,Marketing
126,kissacson3h@paypal.com,Kippy,Issacson,1996-02-02T11:33:04Z,"Bednar, Jacobson and Collier",Engineering
127,kevins3i@pcworld.com,Kerrill,Evins,2005-07-31T18:25:03Z,Koch LLC,Accounting
128,srignold3j@wikimedia.org,Susann,Rignold,1994-05-14T14:28:05Z,Harber-Morar,Services
129,mseebert3k@fastcompany.com,Missy,Seebert,2010-01-04T06:41:04Z,"Hayes, Schumm and Boehm",Accounting
130,hhernik3l@marketwatch.com,Hadley,Hernik,1992-10-05T07:38:16Z,Berge-Berge,Marketing
131,jgallety3m@imdb.com,Jock,Gallety,2008-07-28T20:51:02Z,"Streich, Ratke and Dooley",Product Management
132,blonsbrough3n@house.gov,Brendis,Lonsbrough,1991-07-03T12:56:58Z,Johns Group,Research and Development
133,tlarderot3o@ihg.com,Tiertza,Larderot,2000-07-01T01:14:03Z,Ebert-Terry,Training
134,dorts3p@aol.com,Dianne,Orts,2003-04-20T05:45:03Z,Greenholt LLC,Human Resources
135,dpenketh3q@yandex.ru,Dotty,Penketh,2012-10-11T12:20:02Z,"Schuppe, Nolan and Leuschke",Sales
136,cpluck3r@upenn.edu,Cammi,Pluck,1995-01-12T07:37:31Z,Abbott Group,Business Development
137,jmizzen3s@ucoz.ru,Julita,Mizzen,2000-04-01T02:11:14Z,Parker Group,Legal
138,givashinnikov3t@salon.com,Georgia,Ivashinnikov,2010-04-04T05:28:38Z,"Parker, Casper and Waters",Accounting
139,cvick3u@fda.gov,Clarance,Vick,2005-02-15T19:45:09Z,Kerluke-Wolf,Marketing
140,mgaddesby3v@sphinn.com,Mirabella,Gaddesby,2004-07-10T00:43:41Z,Barrows LLC,Research and Development
141,dsnipe3w@cbsnews.com,Dedra,Snipe,2019-01-21T11:48:03Z,Cronin-Hills,Training
142,nhenrion3x@mediafire.com,Nobie,Henrion,1991-10-16T04:44:28Z,Stiedemann and Sons,Human Resources
143,nbraferton3y@businessinsider.com,Ninette,Braferton,2002-01-03T07:36:52Z,"Schroeder, Walker and Nikolaus",Support
144,aczyz3z@bloglovin.com,Averill,Czyz,1992-01-10T11:49:40Z,Metz-Jakubowski,Training
145,csimpkin40@reddit.com,Cymbre,Simpkin,1999-06-06T12:59:40Z,Keebler and Sons,Services
146,gbardwell41@gizmodo.com,Giraud,Bardwell,2011-02-03T23:10:07Z,"Jacobson, Wyman and Dare",Sales
147,bwade42@csmonitor.com,Baxy,Wade,2008-03-18T00:53:12Z,"Corwin, Stehr and Quigley",Engineering
148,kdeighton43@google.nl,Kennedy,Deighton,2010-12-10T06:36:35Z,Hackett-Heathcote,Research and Development
149,dfewless44@clickbank.net,Derick,Fewless,2009-12-16T05:03:24Z,"Kunze, Hintz and Bogan",Product Management
150,jstrathdee45@ezinearticles.com,Janna,Strathdee,2015-09-02T04:00:54Z,"Ledner, Schroeder and Ankunding",Sales
151,sstooke46@reuters.com,Saudra,Stooke,2015-09-11T18:05:47Z,Yundt-Davis,Legal
152,tdesesquelle47@bloglines.com,Trumann,Desesquelle,2013-11-01T04:50:37Z,Mante Group,Training
153,lbennet48@nih.gov,Loydie,Bennet,2016-10-22T12:08:21Z,"Stokes, Thompson and Connelly",Research and Development
154,lgorick49@springer.com,Laurie,Gorick,2005-09-14T01:16:23Z,Denesik-Bins,Sales
155,acivitillo4a@arizona.edu,Adolpho,Civitillo,1990-01-10T05:09:43Z,Schamberger-Hane,Human Resources
156,ldrover4b@wsj.com,Lesli,Drover,1990-06-29T20:42:32Z,Connelly Inc,Engineering
157,gwabey4c@odnoklassniki.ru,Giovanna,Wabey,2015-01-25T17:14:22Z,Cassin Group,Support
158,gtarpey4d@squidoo.com,Griffie,Tarpey,2013-01-23T22:32:03Z,"Schmidt, Harris and Hane",Business Development
159,gmurdy4e@answers.com,Graham,Murdy,2019-07-18T06:38:31Z,Hirthe-Reynolds,Marketing
160,gterbeck4f@mtv.com,Gerty,Terbeck,2011-10-21T04:47:36Z,"Satterfield, Wilderman and Haley",Support
161,kmillier4g@scientificamerican.com,Kris,Millier,1994-12-10T12:18:01Z,Dibbert Inc,Research and Development
162,rdriffield4h@blogs.com,Robina,Driffield,2001-09-01T06:01:53Z,Williamson Group,Human Resources
163,bambroisin4i@example.com,Bryna,Ambroisin,1995-07-23T07:26:18Z,"Lakin, Halvorson and Mante",Marketing
164,nmccarron4j@constantcontact.com,Natale,McCarron,2001-03-04T16:12:52Z,"Lowe, Upton and Schultz",Business Development
165,bpakeman4k@narod.ru,Bethina,Pakeman,1991-06-09T02:34:28Z,Steuber Group,Research and Development
166,bchristofe4l@about.me,Biddy,Christofe,2010-04-24T13:27:23Z,Ernser Group,Services
167,kkrienke4m@chicagotribune.com,Krishnah,Krienke,1996-11-02T10:08:18Z,Botsford Group,Accounting
168,cdovington4n@dailymotion.com,Crista,Dovington,2009-01-26T23:47:13Z,"Ullrich, Kunde and Schmeler",Engineering
169,xhakes4o@umich.edu,Xaviera,Hakes,2010-04-28T07:16:22Z,Kessler Group,Product Management
170,dagget4p@feedburner.com,Dulcea,Agget,1998-07-19T12:46:47Z,"Considine, Littel and Ernser",Accounting
171,bstuckey4q@spiegel.de,Brandi,Stuckey,1994-12-31T13:58:06Z,Vandervort and Sons,Business Development
172,jwhiteley4r@nih.gov,Jock,Whiteley,2015-02-13T03:52:14Z,Dicki-Williamson,Marketing
173,ccordeau4s@simplemachines.org,Cozmo,Cordeau],2002-02-17T16:30:08Z,Dickinson-Fisher,Research and Development
174,ecanet4t@pbs.org,Edeline,Canet,1990-02-25T20:59:36Z,"Brown, Gaylord and Brown",Product Management
175,awilcox4u@hud.gov,Adey,Wilcox,1992-04-29T18:35:31Z,"Bednar, Anderson and Langosh",Product Management
176,jhylton4v@google.ru,Jodie,Hylton,1996-07-19T14:35:11Z,Collins Inc,Services
177,ygiercke4w@columbia.edu,Yard,Giercke,2006-06-14T18:59:43Z,Konopelski LLC,Engineering
178,ogives4x@list-manage.com,Oralie,Gives,2003-08-31T13:38:12Z,"Watsica, Medhurst and Prosacco",Sales
179,lsheffield4y@google.cn,Liliane,Sheffield,2010-02-28T18:55:18Z,"Harber, Johnston and Stroman",Sales
180,cbrannan4z@cloudflare.com,Christiano,Brannan,2002-05-10T06:58:42Z,"Harris, Kemmer and Klocko",Product Management
181,jbulch50@taobao.com,Jameson,Bulch,2018-09-17T22:01:39Z,"Quitzon, Koch and Bosco",Accounting
182,cchanson51@howstuffworks.com,Cyndie,Chanson,2017-07-06T15:19:59Z,Corkery-Legros,Product Management
183,pwillson52@fema.gov,Parry,Willson,2016-03-17T00:53:30Z,Rowe LLC,Engineering
184,nrikel53@pcworld.com,Noell,Rikel,1994-05-25T07:32:18Z,Heller-Parker,Product Management
185,nalfonso54@icio.us,Naomi,Alfonso,2003-11-06T23:30:33Z,"Considine, Schuppe and Grady",Sales
186,abohlingolsen55@illinois.edu,Annamarie,BoHlingolsen,1990-11-12T05:29:40Z,Ruecker-Ward,Product Management
187,mtzar56@bravesites.com,Morgan,Tzar,2019-03-03T04:52:08Z,"Towne, Abshire and Frami",Accounting
188,freagan57@miibeian.gov.cn,Fred,Reagan,1992-07-25T02:03:48Z,Robel-Schumm,Accounting
189,zsenner58@domainmarket.com,Zackariah,Senner,1995-06-13T12:57:08Z,Ernser-Hilpert,Product Management
190,krow59@google.cn,Kaine,Row,2017-01-12T20:54:41Z,Baumbach-Prosacco,Services
191,egommes5a@topsy.com,Elysee,Gommes,2012-01-06T19:27:52Z,"Wintheiser, Kuhn and Ernser",Sales
192,emacdermott5b@cmu.edu,Edvard,MacDermott,1994-07-26T03:05:30Z,Schroeder-Abernathy,Human Resources
193,tmaryan5c@harvard.edu,Terencio,Maryan,2016-04-08T12:09:26Z,"Feest, Will and Kuhic",Marketing
194,amatthewson5d@free.fr,Agustin,Matthewson,2012-04-08T15:07:07Z,"Dooley, Schmitt and Wunsch",Accounting
195,cwaything5e@narod.ru,Claudette,Waything,2000-03-25T15:49:25Z,"Leuschke, Kuphal and Block",Training
196,ncarlow5f@hc360.com,Nanny,Carlow,2014-09-19T01:09:50Z,Jakubowski-Haag,Legal
197,kmarsden5g@businessweek.com,Kimmi,Marsden,2003-02-21T20:52:38Z,Champlin Inc,Services
198,jnorcross5h@cocolog-nifty.com,Jeremias,Norcross,1993-05-13T07:10:04Z,Gulgowski-Rowe,Human Resources
199,jewells5i@phoca.cz,Jaclyn,Ewells,2007-10-17T01:26:34Z,"Wintheiser, Simonis and Daniel",Human Resources
200,ggask5j@blogs.com,Gun,Gask,2002-06-09T18:25:01Z,Hoeger LLC,Marketing
201,jskerratt5k@furl.net,Jourdan,Skerratt,1993-02-02T20:49:42Z,"Powlowski, Beier and Weissnat",Training
202,fvellden5l@npr.org,Fleur,Vellden,1999-06-12T01:08:48Z,Torp-Schmidt,Engineering
203,gsowersby5m@gmpg.org,Glyn,Sowersby,1995-01-15T20:01:21Z,"Kohler, Weissnat and Williamson",Business Development
204,hkob5n@wsj.com,Hesther,Kob,1996-10-07T10:18:26Z,Klocko-Hills,Accounting
205,pdanielkiewicz5o@reuters.com,Paul,Danielkiewicz,2012-03-11T15:01:06Z,Wilderman LLC,Legal
206,mmatitiaho5p@smh.com.au,Mikkel,Matitiaho,1997-09-03T09:53:46Z,Huel Inc,Accounting
207,schaters5q@bigcartel.com,Stephen,Chaters,1993-12-31T03:07:11Z,Waters-Bernier,Services
208,ableasdille5r@omniture.com,Ashbey,Bleasdille,1998-02-05T02:56:25Z,Reinger-Brekke,Human Resources
209,bchadderton5s@cnn.com,Bernardina,Chadderton,1996-05-10T16:52:45Z,Von-West,Business Development
210,fsimmance5t@fema.gov,Farr,Simmance,1992-05-28T12:51:27Z,Lynch-Torp,Product Management
211,khuller5u@1und1.de,Kendricks,Huller,2014-04-25T17:44:09Z,Mertz-Metz,Legal
212,gpridmore5v@nature.com,Giralda,Pridmore,1993-11-03T08:11:37Z,"Nolan, Lehner and Lueilwitz",Marketing
213,bspelwood5w@unc.edu,Brennen,Spelwood,2007-10-27T04:24:42Z,"Leffler, Jacobson and Hegmann",Engineering
214,bstampe5x@nyu.edu,Bunni,Stampe,2008-02-01T00:39:56Z,Runolfsdottir-Hilll,Human Resources
215,aburkhill5y@aboutads.info,Angelika,Burkhill,2008-11-11T12:41:47Z,"Corkery, Brakus and Hodkiewicz",Human Resources
216,ggoldney5z@ftc.gov,Galvin,Goldney,2008-05-25T16:16:50Z,Dibbert-Casper,Legal
217,ldudmarsh60@hibu.com,Lettie,Dudmarsh,2011-12-10T07:01:41Z,Bernier-Feil,Research and Development
218,miacovino61@networkadvertising.org,Maitilde,Iacovino,2011-03-11T06:32:08Z,"Brakus, Marquardt and Lockman",Marketing
219,vcragoe62@cbc.ca,Vanya,Cragoe,2006-11-25T13:52:12Z,Corkery LLC,Training
220,tclewett63@tamu.edu,Tonye,Clewett,2012-05-24T04:44:23Z,Balistreri and Sons,Engineering
221,ebedlington64@geocities.com,Ewen,Bedlington,2016-11-29T02:01:02Z,"Graham, Collins and Bergnaum",Product Management
222,bmcgraith65@bbb.org,Barnett,McGraith,1995-06-15T07:52:58Z,Bosco-Smitham,Sales
223,fpoyle66@reuters.com,Ferne,Poyle,2016-10-06T04:31:01Z,"Corkery, Kassulke and Rohan",Product Management
224,sstockbridge67@bizjournals.com,Siegfried,Stockbridge,2009-06-14T16:11:22Z,Lakin-Hackett,Sales
225,hbromage68@google.nl,Harp,Bromage,2009-08-12T21:47:56Z,Runte-Auer,Support
226,mponten69@freewebs.com,Madalyn,Ponten,2002-01-16T19:26:18Z,"Altenwerth, Mertz and Reilly",Sales
227,gtabert6a@ning.com,Gardner,Tabert,2001-04-26T16:59:37Z,"Keeling, Thompson and Koepp",Engineering
228,gchampniss6b@dmoz.org,Gweneth,Champniss,2010-08-19T09:06:07Z,Treutel-Stamm,Support
229,wcrispe6c@163.com,Wynny,Crispe,2010-07-02T07:04:08Z,"McLaughlin, Labadie and O'Kon",Support
230,khatto6d@reverbnation.com,Kent,Hatto,1992-02-03T23:08:25Z,Turner-Waelchi,Product Management
231,kbeardall6e@hugedomains.com,Kirbie,Beardall,2008-03-01T07:39:19Z,Kautzer-Miller,Legal
232,kgwilym6f@wisc.edu,Kenyon,Gwilym,2016-12-05T07:37:25Z,"Grady, Weimann and Williamson",Business Development
233,mjewster6g@webs.com,Monique,Jewster,1996-09-29T11:39:33Z,Collier Group,Research and Development
234,dpattingson6h@flavors.me,Dukey,Pattingson,1998-07-22T14:17:26Z,Schimmel-Friesen,Engineering
235,rpettitt6i@nationalgeographic.com,Rahal,Pettitt,2016-10-05T10:16:07Z,Anderson Inc,Engineering
236,btarquini6j@pagesperso-orange.fr,Britni,Tarquini,1992-03-22T18:55:06Z,"Mayer, Skiles and Reichel",Product Management
237,pdowsett6k@arstechnica.com,Pascal,Dowsett,2015-05-08T01:10:04Z,Keeling-Bergnaum,Product Management
238,gthornley6l@ycombinator.com,Gay,Thornley,1991-05-03T15:37:09Z,Christiansen and Sons,Research and Development
239,lgrimmett6m@msu.edu,Lin,Grimmett,1996-04-06T02:29:40Z,Connelly and Sons,Engineering
240,zmaccostye6n@amazonaws.com,Zorine,MacCostye,2019-10-30T05:34:24Z,Bartell Group,Accounting
241,rgorgl6o@trellian.com,Rayner,Gorgl,2019-07-19T09:15:19Z,Paucek Inc,Research and Development
242,dstit6p@chron.com,Deana,Stit,2020-07-01T10:41:31Z,Abshire-Raynor,Marketing
243,acondy6q@google.de,Amelie,Condy,2011-10-24T05:09:31Z,"Bartell, Torphy and Bahringer",Support
244,gbockin6r@wordpress.com,Gifford,Bockin,1994-03-05T07:30:41Z,Bayer LLC,Sales
245,rgarnsey6s@g.co,Rhiamon,Garnsey,1999-11-11T00:12:53Z,Lynch-Doyle,Human Resources
246,lcaress6t@cpanel.net,Lindy,Caress,1996-03-15T14:27:57Z,Mraz-Schaefer,Marketing
247,gadess6u@google.nl,Galven,Adess,2004-09-26T08:08:30Z,Hyatt and Sons,Support
248,lskipping6v@shop-pro.jp,Leslie,Skipping,2007-06-23T11:59:21Z,"Hyatt, Dibbert and Davis",Research and Development
249,swoolerton6w@theatlantic.com,Scottie,Woolerton,1995-04-19T13:24:54Z,Blick-Kutch,Research and Development
250,sbrabender6x@spotify.com,Sadella,Brabender,2012-03-09T23:47:37Z,Blanda-Crona,Engineering
251,sedson6y@cdbaby.com,Sheena,Edson,2016-01-07T18:43:50Z,"Rowe, Hessel and Hammes",Training
252,icanlin6z@google.com.au,Isabel,Canlin,2016-06-22T23:31:35Z,Herzog LLC,Sales
253,tnarrie70@soundcloud.com,Tabitha,Narrie,1995-08-11T00:52:58Z,"Smitham, Ryan and Sawayn",Engineering
254,tquigg71@illinois.edu,Thibaut,Quigg,1992-01-19T09:19:23Z,Leannon-Maggio,Services
255,mwackett72@usnews.com,Merv,Wackett,2013-10-30T16:27:02Z,Mertz-Anderson,Services
256,rowtram73@soundcloud.com,Raf,Owtram,1994-05-12T01:16:02Z,Schinner Group,Human Resources
257,dvanvuuren74@marriott.com,Dory,Van Vuuren,2005-11-06T05:24:58Z,Anderson and Sons,Marketing
258,hbierman75@vimeo.com,Hilliary,Bierman,2016-11-06T13:13:35Z,Lynch and Sons,Support
259,reliaz76@storify.com,Rudolf,Eliaz,1995-10-05T13:44:50Z,Towne-Larkin,Engineering
260,djarman77@mozilla.org,Dulsea,Jarman,2002-04-11T12:54:12Z,"Kuhic, Runte and Osinski",Product Management
261,mpistol78@artisteer.com,Mateo,Pistol,2004-12-30T21:48:26Z,Hamill Group,Marketing
262,bcrathorne79@cnet.com,Burk,Crathorne,2012-09-10T23:22:00Z,Quitzon-Jacobi,Support
263,csarchwell7a@ovh.net,Chrissie,Sarchwell,2004-07-17T15:39:57Z,Mante-Daniel,Support
264,abuche7b@vimeo.com,Annabela,Buche,2011-11-03T15:33:33Z,Thiel Inc,Product Management
265,jreding7c@wired.com,Johnna,Reding,2014-02-27T13:00:49Z,"Ferry, Weimann and Ullrich",Business Development
266,rlamprecht7d@nps.gov,Rufe,Lamprecht,2016-08-10T15:57:15Z,Macejkovic and Sons,Training
267,jmacness7e@cmu.edu,Johny,MacNess,2020-03-15T01:28:40Z,Dach and Sons,Legal
268,wmunton7f@senate.gov,Willyt,Munton,2012-04-19T03:32:55Z,"Johns, Davis and Dibbert",Sales
269,clinkie7g@earthlink.net,Conrado,Linkie,1998-06-21T09:55:46Z,"Dare, Hilpert and Koss",Accounting
270,smatteoni7h@wordpress.com,Sandy,Matteoni,2000-04-10T21:39:06Z,"Jast, Crooks and Batz",Training
271,kcarillo7i@creativecommons.org,Kinsley,Carillo,1999-12-13T07:16:56Z,Dickens-Fahey,Engineering
272,cdayly7j@chicagotribune.com,Cully,Dayly,2012-05-20T12:25:07Z,"Dickens, Reynolds and Kessler",Marketing
273,ylivock7k@army.mil,Yard,Livock,1990-02-25T00:47:03Z,"Rosenbaum, Purdy and Hammes",Legal
274,eputten7l@redcross.org,Ephrem,Putten,2002-10-23T13:33:48Z,"Funk, Ondricka and Rowe",Accounting
275,rodda7m@blinklist.com,Ruthann,Odda,2010-02-12T15:24:36Z,Hudson-Schuppe,Training
276,cshoard7n@cyberchimps.com,Cosmo,Shoard,1997-06-24T20:25:09Z,Stroman Inc,Sales
277,raveyard7o@goodreads.com,Riccardo,Aveyard,2013-10-27T12:23:40Z,Swaniawski LLC,Legal
278,kstalf7p@cisco.com,Kahlil,Stalf,2003-04-30T06:16:49Z,Krajcik Inc,Marketing
279,hcrennan7q@netlog.com,Helenelizabeth,Crennan,2013-11-13T12:57:09Z,Fadel and Sons,Human Resources
280,bdrinkhill7r@netlog.com,Beitris,Drinkhill,1994-04-23T00:03:44Z,Johnson Inc,Engineering
281,dmaestrini7s@foxnews.com,Duff,Maestrini,1995-07-14T16:45:05Z,"Wisoky, Robel and Metz",Accounting
282,ssickling7t@google.nl,Sayres,Sickling,1993-04-05T22:16:18Z,"Parisian, Krajcik and Morar",Legal
283,vbebb7u@myspace.com,Verla,Bebb,2011-03-08T10:01:09Z,"Schmeler, Koch and Kertzmann",Marketing
284,hborne7v@ucsd.edu,Hermie,Borne,2019-10-24T16:46:32Z,"Considine, Abernathy and Hilll",Marketing
285,nneary7w@scientificamerican.com,Nance,Neary,2007-11-14T23:06:29Z,Satterfield Inc,Product Management
286,dhaliburn7x@theguardian.com,Duke,Haliburn,2020-06-26T03:03:52Z,Shanahan-Donnelly,Engineering
287,rbrooksbank7y@networkadvertising.org,Rosa,Brooksbank,1999-11-17T13:31:01Z,Corkery-Kuvalis,Training
288,bpogg7z@va.gov,Booth,Pogg,2008-08-06T08:14:55Z,Klein-McGlynn,Engineering
289,crumble80@samsung.com,Christophorus,Rumble,1993-12-01T11:41:33Z,Weimann-Zulauf,Product Management
290,bfludgate81@amazon.co.jp,Baldwin,Fludgate,2014-03-14T03:43:10Z,Maggio and Sons,Human Resources
291,htilne82@ehow.com,Horten,Tilne,1992-04-22T16:25:17Z,Wilderman-Feeney,Business Development
292,rringwood83@jigsy.com,Randal,Ringwood,2019-01-30T21:55:11Z,"Balistreri, Zboncak and Romaguera",Sales
293,amarcham84@joomla.org,Aurilia,Marcham,1994-07-09T10:18:36Z,"Quitzon, Lebsack and Cartwright",Legal
294,arosenblatt85@weather.com,Ambrosius,Rosenblatt,1990-09-20T19:51:00Z,Glover and Sons,Human Resources
295,wbluck86@ameblo.jp,Waylen,Bluck,2015-01-19T14:20:53Z,Johnston-Little,Services
296,astapford87@examiner.com,Alayne,Stapford,2005-09-25T18:14:20Z,"Eichmann, Mayert and Sipes",Training
297,arosier88@furl.net,Abbie,Rosier,2011-03-26T01:58:53Z,"Crist, Weissnat and Ondricka",Human Resources
298,apepon89@reference.com,Ame,Pepon,2020-03-29T23:30:28Z,McCullough LLC,Business Development
299,ktollady8a@about.com,Kathryn,Tollady,1991-04-18T20:24:24Z,Cassin and Sons,Business Development
300,sjoisce8b@histats.com,Sibylla,Joisce,2015-02-02T12:21:29Z,"Bergnaum, Cummerata and Rohan",Engineering
301,amcorkil8c@uiuc.edu,Arlen,McOrkil,2006-09-06T17:18:12Z,Vandervort LLC,Accounting
302,mnott8d@eventbrite.com,Mariya,Nott,2005-07-03T22:58:31Z,Haag Inc,Marketing
303,hantrum8e@foxnews.com,Hanna,Antrum,1991-01-16T11:32:58Z,Hoppe LLC,Human Resources
304,cebbutt8f@senate.gov,Correna,Ebbutt,1997-05-01T12:45:37Z,Cole-Ebert,Services
305,smcgeachie8g@gmpg.org,Sabine,McGeachie,2013-09-26T23:10:58Z,Hettinger and Sons,Human Resources
306,hgooke8h@cdbaby.com,Hamilton,Gooke,1990-02-16T20:58:05Z,Olson-Nader,Support
307,lropert8i@unc.edu,Lane,Ropert,1997-12-21T06:58:03Z,Huel LLC,Engineering
308,obenko8j@hud.gov,Orren,Benko,1991-05-06T01:31:39Z,Yost and Sons,Services
309,rmaccarlich8k@gnu.org,Raphael,MacCarlich,1994-02-08T23:16:21Z,Zemlak-Mayert,Support
310,nboyfield8l@abc.net.au,Nicol,Boyfield,2007-06-25T08:42:47Z,Mills Inc,Training
311,smcallester8m@yandex.ru,Sascha,McAllester,2000-11-06T08:59:56Z,"Christiansen, Langosh and Bashirian",Support
312,rdrepp8n@constantcontact.com,Rutledge,Drepp,2005-07-26T03:50:36Z,Yost-Connelly,Engineering
313,rworpole8o@shinystat.com,Rahel,Worpole,1990-10-29T11:46:22Z,Hilll-Kshlerin,Legal
314,dsumpner8p@businessweek.com,Dasi,Sumpner,2003-07-17T04:34:23Z,Johns and Sons,Product Management
315,rmcneice8q@amazon.co.uk,Regan,McNeice,2011-11-08T03:25:41Z,Mills-Kuhlman,Training
316,mclissett8r@printfriendly.com,Mirabella,Clissett,2016-01-26T19:31:05Z,Feest-Hand,Product Management
317,cpeetermann8s@apple.com,Clifford,Peetermann,2002-01-29T02:22:34Z,"Dicki, Homenick and King",Legal
318,gipwell8t@so-net.ne.jp,Gualterio,Ipwell,1995-04-10T08:58:38Z,Skiles-Bartoletti,Business Development
319,icrumpton8u@yahoo.com,Ichabod,Crumpton,2011-06-29T01:47:21Z,"Adams, Bartoletti and Cummings",Product Management
320,amozzini8v@timesonline.co.uk,Astrid,Mozzini,2000-04-29T13:40:06Z,Feil-Mueller,Human Resources
321,joman8w@ucla.edu,Jeane,Oman,2011-01-19T09:45:00Z,Reichel and Sons,Legal
322,tthaxton8x@google.pl,Trudey,Thaxton,2003-07-01T20:08:33Z,Stracke-Rowe,Services
323,gmontacute8y@fastcompany.com,Gene,Montacute,2018-07-06T05:43:22Z,Wuckert-Leuschke,Business Development
324,stumini8z@hud.gov,Skipper,Tumini,2015-05-25T20:25:37Z,"Murray, Witting and Olson",Business Development
325,wklempke90@cisco.com,Wittie,Klempke,2004-03-18T05:53:29Z,Schamberger-Cronin,Support
326,asunner91@mac.com,Annamaria,Sunner,2003-04-27T05:31:59Z,Wiegand-Bosco,Accounting
327,drabidge92@home.pl,Darrick,Rabidge,2020-12-06T23:23:53Z,Kuhic and Sons,Marketing
328,bdurdan93@engadget.com,Benito,Durdan,2003-08-02T00:47:04Z,"Gorczany, McKenzie and Metz",Human Resources
329,kmontague94@ucoz.ru,Kassandra,Montague,2019-03-20T11:16:41Z,Mosciski-Schmeler,Business Development
330,lbarlace95@sciencedaily.com,Linette,Barlace,2008-01-21T06:22:55Z,Huels Inc,Business Development
331,aearly96@altervista.org,Alexia,Early,2012-07-31T18:55:34Z,"Pacocha, Simonis and Harris",Accounting
332,jhawthorne97@cbsnews.com,Jewelle,Hawthorne,2010-03-27T09:14:17Z,Sipes Group,Services
333,jeverill98@purevolume.com,Jim,Everill,2020-03-15T09:07:35Z,"Mayert, McDermott and Schuppe",Product Management
334,awelman99@pen.io,Aidan,Welman,2010-01-27T19:34:13Z,Hegmann and Sons,Business Development
335,ishinfield9a@skype.com,Ilka,Shinfield,2003-07-03T14:11:25Z,Harris LLC,Human Resources
336,arex9b@intel.com,Anders,Rex,2000-05-07T13:28:43Z,Emard LLC,Human Resources
337,cmcbeath9c@smugmug.com,Corissa,McBeath,2019-04-04T11:22:53Z,Ferry-Borer,Training
338,skempster9d@huffingtonpost.com,Shurlocke,Kempster,2004-03-04T23:50:11Z,Dibbert-Huel,Human Resources
339,mrodrigues9e@biglobe.ne.jp,Maxim,Rodrigues,1994-02-13T05:20:15Z,Effertz-Wintheiser,Research and Development
340,akalberer9f@addtoany.com,Abigail,Kalberer,1998-08-17T03:31:16Z,Orn and Sons,Legal
341,csmallshaw9g@dyndns.org,Claybourne,Smallshaw,2003-02-27T00:53:22Z,Lindgren Group,Services
342,hbilborough9h@com.com,Huberto,Bilborough,1998-03-05T09:44:56Z,Cormier-Braun,Engineering
343,wkhomich9i@dailymotion.com,Wilt,Khomich,2000-12-30T03:37:44Z,Lesch Inc,Sales
344,dgrimbleby9j@csmonitor.com,Devin,Grimbleby,1998-06-17T13:51:47Z,Little LLC,Support
345,achasles9k@t.co,Amber,Chasles,2008-07-05T12:22:02Z,Heidenreich-Schiller,Support
346,aryburn9l@cornell.edu,Adoree,Ryburn,2008-01-16T18:42:31Z,Haley-Walter,Support
347,bhallet9m@chron.com,Barrie,Hallet,1994-09-04T16:32:40Z,"Kohler, Swift and Nader",Research and Development
348,kfell9n@kickstarter.com,Krishnah,Fell,1994-12-14T01:46:09Z,"Gerlach, Strosin and Hilll",Legal
349,dhillen9o@unicef.org,Dede,Hillen,1995-01-17T23:15:29Z,Bosco Inc,Marketing
350,ccarrack9p@eventbrite.com,Carena,Carrack,2010-04-02T14:37:19Z,Brakus LLC,Product Management
351,mweitzel9q@phpbb.com,Mollie,Weitzel,1992-07-09T20:30:29Z,Collins LLC,Business Development
352,fbenedicto9r@weather.com,Felisha,Benedicto,1995-12-12T05:24:25Z,Heller-Koch,Legal
353,hcoupe9s@auda.org.au,Hope,Coupe,2014-09-21T10:53:10Z,Armstrong-Miller,Marketing
354,reasdon9t@4shared.com,Rafaellle,Easdon,1991-06-10T17:22:23Z,Denesik-Ziemann,Legal
355,jbandt9u@about.me,Jandy,Bandt,2012-08-24T16:37:29Z,Brekke Group,Accounting
356,bianitti9v@prweb.com,Bobina,Ianitti,2005-10-13T15:27:49Z,Stehr-Zulauf,Product Management
357,egoodread9w@rakuten.co.jp,Edin,Goodread,2003-04-02T21:03:06Z,Orn-Considine,Accounting
358,acarnalan9x@google.fr,Anne-corinne,Carnalan,2013-06-11T07:13:18Z,"Okuneva, Donnelly and Herman",Marketing
359,pcrus9y@prnewswire.com,Poppy,Crus,2012-10-07T03:45:02Z,"Reynolds, Rempel and Hoeger",Research and Development
360,gmcculloch9z@discuz.net,Gilemette,McCulloch,1999-06-24T06:57:36Z,Larson Inc,Product Management
361,cthowa0@baidu.com,Catherine,Thow,1998-09-17T10:34:05Z,Morissette Inc,Support
362,tattkinsa1@ftc.gov,Thoma,Attkins,2019-04-19T22:25:04Z,Olson Group,Support
363,rfantinia2@cpanel.net,Rayner,Fantini,1990-02-26T23:28:03Z,Orn and Sons,Research and Development
364,bpilsburya3@wordpress.org,Bernardo,Pilsbury,1999-07-13T06:52:24Z,"Dare, Hansen and Schamberger",Services
365,rcohania4@wunderground.com,Rudd,Cohani,2007-03-17T12:21:16Z,Fadel-Windler,Business Development
366,gskacela5@dailymotion.com,Gualterio,Skacel,2002-02-01T05:19:04Z,"Herman, Schroeder and Barrows",Sales
367,bmorigana6@tinyurl.com,Bruno,Morigan,1998-10-01T09:51:01Z,Homenick-Runolfsdottir,Marketing
368,lsouthersa7@instagram.com,Lissy,Southers,2017-06-13T10:36:33Z,Mante Group,Business Development
369,eulyata8@nymag.com,Enoch,Ulyat,1998-05-13T22:42:12Z,Bechtelar Group,Product Management
370,nsimaa9@networksolutions.com,Nathalie,Sima,2002-02-17T17:02:31Z,Bernier Group,Engineering
371,challbordaa@photobucket.com,Colette,Hallbord,1995-09-06T05:15:31Z,Prosacco Group,Legal
372,seatab@ebay.com,Selia,Eat,2013-02-22T22:24:47Z,"Sporer, Kiehn and Watsica",Product Management
373,lplaxtonac@tmall.com,Leena,Plaxton,2009-07-10T10:53:04Z,Heller-O'Connell,Research and Development
374,takesterad@youku.com,Tally,Akester,2014-09-16T00:46:56Z,"Lehner, Lindgren and Rowe",Training
375,towttrimae@lulu.com,Tiebold,Owttrim,2017-09-12T11:48:06Z,Cartwright and Sons,Human Resources
376,bpavlovaf@studiopress.com,Bradan,Pavlov,2005-06-29T05:07:32Z,Welch-Gulgowski,Human Resources
377,mhugonetag@tmall.com,Morgen,Hugonet,1992-04-05T10:44:38Z,Kozey Inc,Business Development
378,ssperingah@friendfeed.com,Sissy,Spering,1998-06-16T17:07:37Z,Jaskolski-Tromp,Business Development
379,hduckerai@netvibes.com,Heinrik,Ducker,2011-07-19T09:45:21Z,Runolfsson-Dickinson,Support
380,kbassilashviliaj@wordpress.org,Kippy,Bassilashvili,1993-03-04T04:09:38Z,McClure-Goldner,Sales
381,yhumphriesak@google.com.hk,Yuma,Humphries,2018-01-25T11:43:07Z,O'Keefe-Ward,Business Development
382,klagneal@tmall.com,Kimberli,Lagne,2002-11-27T00:42:25Z,Green-Green,Marketing
383,jfoortam@paypal.com,Jo ann,Foort,2004-09-03T15:37:53Z,Wintheiser Inc,Business Development
384,cbetchleyan@g.co,Carlie,Betchley,1996-04-11T16:54:01Z,Bode Inc,Marketing
385,fsharkao@oakley.com,Florette,Shark,1994-02-19T10:52:46Z,"Macejkovic, Crona and Bergnaum",Training
386,kstilemanap@dropbox.com,Karla,Stileman,1992-04-13T02:28:56Z,Considine Group,Legal
387,kmarsayaq@biblegateway.com,Kristo,Marsay,1990-09-20T06:01:33Z,Marks-Roberts,Training
388,sdewingar@unc.edu,Stephani,Dewing,2015-08-15T11:09:53Z,Nader-Robel,Engineering
389,bsouthas@sina.com.cn,Bekki,South,2017-12-05T00:24:13Z,Effertz LLC,Research and Development
390,ocompfortat@mapy.cz,Orv,Compfort,1994-10-31T23:20:37Z,Douglas and Sons,Business Development
391,tfieldsendau@harvard.edu,Tracey,Fieldsend,2006-12-05T14:12:18Z,McKenzie Inc,Sales
392,dkingswoodav@ning.com,Dud,Kingswood,2015-12-27T16:25:15Z,Heaney-Turner,Sales
393,lpetrowskyaw@tripod.com,Loren,Petrowsky,2002-09-17T04:44:46Z,"Beatty, Grimes and Wuckert",Accounting
394,myarrallax@japanpost.jp,Mavra,Yarrall,1992-05-08T18:31:07Z,"Johnson, Flatley and Weber",Research and Development
395,abewleyay@usda.gov,Adrea,Bewley,1995-04-10T18:07:37Z,Schoen-Schuster,Business Development
396,mprophetaz@cisco.com,Madel,Prophet,2015-10-02T20:07:15Z,Nikolaus-Sauer,Business Development
397,enobesb0@goo.ne.jp,Emlyn,Nobes,1995-07-17T01:01:43Z,Daugherty-Fay,Engineering
398,pbellochb1@go.com,Pansy,Belloch,2010-12-11T23:57:57Z,Dickinson-Goldner,Engineering
399,aconstantinoub2@sphinn.com,Art,Constantinou,2012-07-27T06:38:32Z,"Stehr, Bauch and Parker",Sales
400,dsworneb3@topsy.com,Derwin,Sworne,1998-11-22T07:58:39Z,"Moen, McKenzie and Brown",Research and Development
401,mswansboroughb4@shop-pro.jp,Maritsa,Swansborough,1999-01-13T11:50:04Z,Kutch-Buckridge,Services
402,aharseb5@blogs.com,Aloysius,Harse,1999-01-04T12:16:56Z,MacGyver Inc,Research and Development
403,mcogdellb6@myspace.com,Melissa,Cogdell,2011-09-22T09:02:09Z,Lemke LLC,Engineering
404,pharmantb7@dedecms.com,Patrizia,Harmant,2006-02-18T02:10:54Z,"D'Amore, Sawayn and Kirlin",Research and Development
405,ymillwardb8@dagondesign.com,Yorker,Millward,2011-10-14T14:08:40Z,"Hammes, Heller and Hills",Sales
406,pmasseyb9@mapy.cz,Prescott,Massey,1990-02-06T09:48:36Z,Schaden and Sons,Support
407,tspatigba@foxnews.com,Tommy,Spatig,1997-03-13T13:19:18Z,Brown-Conroy,Business Development
408,eplesingbb@nyu.edu,Eolande,Plesing,2003-09-13T02:28:30Z,Towne-Bayer,Services
409,rcollumbellbc@stanford.edu,Rich,Collumbell,2020-01-20T09:15:31Z,Johnson-Schroeder,Training
410,dmitchelybd@go.com,Donal,Mitchely,2009-11-30T09:11:44Z,Friesen Inc,Marketing
411,nlankfordbe@geocities.com,Niccolo,Lankford,2009-07-05T01:57:53Z,Grant LLC,Training
412,aomonahanbf@netvibes.com,Anne,O'Monahan,1991-10-24T05:16:47Z,"Nitzsche, Batz and Crona",Training
413,cdransfieldbg@ezinearticles.com,Cherri,Dransfield,1997-03-21T05:15:15Z,Hettinger Group,Support
414,aleevesbh@narod.ru,Ax,Leeves,2008-11-02T07:30:45Z,"Lehner, Reichel and Rippin",Marketing
415,dmurobi@who.int,Delbert,Muro,2011-05-16T13:57:37Z,"Roberts, Kuphal and Flatley",Research and Development
416,wwolfendenbj@diigo.com,Wendy,Wolfenden,2014-08-31T19:55:47Z,Bradtke-O'Kon,Accounting
417,lleeburnbk@netscape.com,Lauree,Leeburn,2015-09-20T02:28:23Z,Walker-Cummings,Services
418,etitchenerbl@imageshack.us,Ethan,Titchener,1995-09-30T02:33:33Z,"Ondricka, Goyette and Bradtke",Business Development
419,ndugallbm@rambler.ru,Nessie,Dugall,1996-08-05T09:36:29Z,Reichert LLC,Training
420,sfitchewbn@seattletimes.com,Selena,Fitchew,1994-06-09T14:14:34Z,Steuber-Baumbach,Training
421,ajugginsbo@cbc.ca,Anastasia,Juggins,2004-04-22T01:51:29Z,"Prohaska, Bogan and Kertzmann",Human Resources
422,ptreagustbp@vimeo.com,Paulette,Treagust,2015-01-08T18:28:01Z,"Schamberger, Hauck and Kuhlman",Business Development
423,hbazelybq@de.vu,Hershel,Bazely,2009-06-25T02:43:59Z,Johnson Inc,Training
424,cdomenguebr@instagram.com,Chicky,Domengue,2006-12-23T17:46:06Z,Gerlach Inc,Training
425,cdilgarnobs@google.com.au,Constanta,Dilgarno,2004-11-25T16:26:11Z,Kris Inc,Product Management
426,pscrivinorbt@opera.com,Padraic,Scrivinor,1994-02-17T04:12:31Z,Crona Group,Legal
427,cglynbu@cmu.edu,Courtney,Glyn,2010-01-03T16:02:48Z,Rau LLC,Support
428,rdommersenbv@squarespace.com,Rebecka,Dommersen,2008-09-18T13:35:40Z,"Haag, Buckridge and Stracke",Legal
429,jbrandsmabw@eepurl.com,Joscelin,Brandsma,2011-02-15T10:32:44Z,Streich-Bernhard,Business Development
430,vcreebx@netvibes.com,Vera,Cree,2010-02-08T09:48:10Z,Becker LLC,Human Resources
431,gblindeby@indiegogo.com,Geoff,Blinde,2015-06-04T04:14:50Z,Dickinson-Wiegand,Human Resources
432,sgiffonbz@google.it,Susie,Giffon,2001-05-09T06:52:41Z,Murazik-Weissnat,Business Development
433,pdawleyc0@google.cn,Phil,Dawley,1991-04-29T07:28:56Z,"Gibson, Daugherty and Green",Sales
434,lharrimanc1@yellowpages.com,Llewellyn,Harriman,2002-07-12T19:38:23Z,Parker Inc,Accounting
435,cdethloffc2@yale.edu,Cheri,Dethloff,2013-08-11T13:46:49Z,Braun Group,Marketing
436,dstendellc3@purevolume.com,Devlin,Stendell,2016-02-16T13:39:01Z,"Pouros, Torphy and Towne",Marketing
437,bolyffc4@loc.gov,Bertram,Olyff,1991-06-15T01:17:02Z,Spencer Inc,Engineering
438,stynec5@g.co,Sheppard,Tyne,2006-08-13T13:35:18Z,"Murazik, Lind and Powlowski",Research and Development
439,kjojicc6@java.com,Kaitlynn,Jojic,2002-10-12T21:48:03Z,Heidenreich-Gorczany,Marketing
440,lshorbrookc7@hugedomains.com,Luisa,Shorbrook,2009-04-29T08:15:16Z,Fadel-Kling,Engineering
441,wsporrijc8@rakuten.co.jp,Wayne,Sporrij,1990-03-14T01:15:36Z,Herman Inc,Engineering
442,hscrimshirec9@techcrunch.com,Hermia,Scrimshire,2020-03-16T17:49:34Z,Price-Ortiz,Legal
443,jmoehlerca@craigslist.org,Julietta,Moehler,1991-08-31T15:47:37Z,"Heller, Boyer and Strosin",Services
444,bklimeckicb@examiner.com,Bengt,Klimecki,1996-10-18T10:13:57Z,McLaughlin-Cronin,Research and Development
445,lwanekcc@noaa.gov,Lisha,Wanek,1994-11-14T20:34:16Z,"Wilkinson, Rohan and Schiller",Services
446,lpauleaucd@fda.gov,Lani,Pauleau,2018-10-08T20:57:10Z,"Hayes, Stanton and Schmeler",Product Management
447,nhasterce@dropbox.com,Nickie,Haster,2019-05-12T00:25:01Z,"Schowalter, Reinger and Streich",Support
448,scalecf@flickr.com,Shepherd,Cale,2006-06-14T02:19:30Z,Lehner and Sons,Legal
449,eullockcg@xing.com,Eduino,Ullock,2005-07-19T15:37:26Z,Howell-Hahn,Legal
450,gmaclavertych@businessinsider.com,Giana,MacLaverty,2006-10-14T20:54:15Z,"Mante, Schinner and Jast",Sales
451,nmeeginci@arstechnica.com,Nerti,Meegin,1993-02-27T05:14:58Z,Boyer LLC,Engineering
452,kroathcj@bing.com,Kata,Roath,2018-12-06T13:16:58Z,Yost LLC,Services
453,vpuddicombeck@com.com,Vanda,Puddicombe,2013-12-28T07:19:35Z,Kreiger-MacGyver,Sales
454,rmcsharrycl@omniture.com,Rosaleen,McSharry,2006-08-05T04:48:05Z,Rice and Sons,Support
455,dchesneycm@sfgate.com,Devon,Chesney,2006-12-21T19:15:01Z,"Bailey, Leffler and Rau",Human Resources
456,moluwatoyincn@yelp.com,Mill,Oluwatoyin,1993-04-29T12:46:55Z,Abernathy LLC,Engineering
457,dkenwayco@kickstarter.com,Dagny,Kenway,2006-07-24T08:12:52Z,Mertz Inc,Training
458,kglyssannecp@businesswire.com,Kelley,Glyssanne,1999-07-15T01:50:31Z,Rempel-Flatley,Human Resources
459,ftansliecq@over-blog.com,Findley,Tanslie,2007-01-27T05:46:53Z,Stracke and Sons,Human Resources
460,glambirdcr@technorati.com,Garrick,Lambird,1999-07-15T22:28:23Z,"Tremblay, McKenzie and Conroy",Research and Development
461,kstanistreetcs@godaddy.com,Kandace,Stanistreet,1997-07-15T05:07:06Z,Roob-Brakus,Services
462,ltillsct@prlog.org,Lambert,Tills,2010-08-23T02:25:49Z,"Grady, Boyer and Predovic",Human Resources
463,dclevelandcu@google.nl,Deonne,Cleveland,1991-11-24T05:38:49Z,Stiedemann-Osinski,Human Resources
464,hbailecv@yandex.ru,Horten,Baile,1999-01-11T10:17:56Z,Gutmann Inc,Sales
465,lodarecw@google.de,Lowell,O'Dare,2007-09-30T15:07:40Z,"Dare, Bradtke and Rath",Research and Development
466,dburehillcx@state.gov,Dulcinea,Burehill,2004-11-23T07:56:18Z,"Boyle, Beahan and D'Amore",Business Development
467,nstirripcy@toplist.cz,Nomi,Stirrip,2017-01-07T02:48:45Z,Kertzmann Group,Product Management
468,rskimcz@meetup.com,Rooney,Skim,1997-09-02T13:49:07Z,Renner-Ryan,Training
469,bemptaged0@sourceforge.net,Basile,Emptage,2012-02-10T18:57:57Z,Smitham-Jaskolski,Engineering
470,cfebryd1@rakuten.co.jp,Cassandre,Febry,1990-01-05T07:39:55Z,Wilkinson Group,Marketing
471,idevauxd2@fc2.com,Itch,De Vaux,2015-03-31T17:31:15Z,Kling LLC,Engineering
472,slidgettd3@miibeian.gov.cn,Si,Lidgett,1998-09-09T03:39:15Z,Rowe Group,Sales
473,mjosephsond4@instagram.com,Marna,Josephson,2020-08-26T12:35:18Z,Lemke Inc,Support
474,ebanaszkiewiczd5@unc.edu,Eduino,Banaszkiewicz,2007-02-27T13:40:34Z,Jakubowski Group,Support
475,abrimsd6@drupal.org,Audy,Brims,2009-10-17T22:43:48Z,Brakus and Sons,Human Resources
476,cduboisd7@upenn.edu,Cariotta,Dubois,2013-02-19T07:28:10Z,Lakin-Yost,Business Development
477,jbortolazzid8@tiny.cc,Jacquetta,Bortolazzi,2013-09-01T01:11:22Z,Hilll-Mante,Marketing
478,mguillermand9@edublogs.org,Margery,Guillerman,2014-01-18T17:23:33Z,"Harber, Wisoky and Spinka",Marketing
479,sferieda@163.com,Scottie,Ferie,2019-12-13T21:29:15Z,Runolfsdottir Group,Human Resources
480,ifinleydb@cmu.edu,Iona,Finley,2020-05-22T03:32:57Z,Heathcote LLC,Marketing
481,amarkussendc@bbb.org,Arlinda,Markussen,2003-12-26T20:02:24Z,Kertzmann-Kirlin,Legal
482,hzapaterdd@eepurl.com,Hermy,Zapater,2008-10-24T22:43:28Z,Graham-Dach,Training
483,ishakeladede@t.co,Ingram,Shakelade,1993-01-06T02:16:00Z,"Stark, Lang and Brown",Services
484,vunwinsdf@multiply.com,Viviene,Unwins,2003-01-14T05:35:57Z,Connelly Inc,Services
485,erashleighdg@360.cn,Edik,Rashleigh,1996-08-06T05:43:21Z,"Willms, Daugherty and Olson",Research and Development
486,hvanbrughdh@paypal.com,Hermy,VanBrugh,2017-12-18T03:15:22Z,Robel LLC,Services
487,drozetdi@irs.gov,Danika,Rozet,2000-10-07T18:50:51Z,Howe LLC,Research and Development
488,tpetrellodj@nature.com,Terry,Petrello,1998-02-19T12:43:41Z,Schowalter-Goyette,Marketing
489,ipardydk@smugmug.com,Izabel,Pardy,2014-08-18T22:03:43Z,"Sauer, Schuster and Treutel",Sales
490,rmerrickdl@github.com,Robbert,Merrick,2001-11-27T08:27:30Z,Bogisich Inc,Accounting
491,tdmiterkodm@comcast.net,Terri-jo,Dmiterko,2004-05-26T21:03:13Z,Schaefer-Lockman,Legal
492,rleaburndn@fastcompany.com,Rafa,Leaburn,2009-01-17T16:20:44Z,Marquardt-Lowe,Product Management
493,gcrummydo@plala.or.jp,Gertruda,Crummy,2019-12-28T09:53:23Z,Stehr Group,Marketing
494,egraysondp@gizmodo.com,Edgar,Grayson,2003-05-30T05:22:46Z,"Wuckert, Predovic and Predovic",Product Management
495,tsmithendq@economist.com,Travis,Smithen,2001-03-01T20:39:07Z,Rowe-Pagac,Training
496,gstilemandr@netlog.com,Georgeanna,Stileman,2006-04-11T06:16:46Z,"Mills, McGlynn and Legros",Business Development
497,ljurcads@nyu.edu,Lydia,Jurca,1997-10-18T13:28:43Z,"Ondricka, Aufderhar and Schulist",Support
498,tinmettdt@cam.ac.uk,Trude,Inmett,1997-12-27T10:37:06Z,"Moen, Kunde and Blanda",Legal
499,mrenakdu@businessinsider.com,Myrilla,Renak,2010-06-23T03:57:23Z,"West, Homenick and Harris",Research and Development
500,bwaylettdv@youtube.com,Brandi,Waylett,2013-05-13T18:34:02Z,"Batz, Romaguera and Weimann",Support
501,nplampindw@statcounter.com,Neddy,Plampin,2020-06-22T10:16:33Z,Walsh Group,Human Resources
502,coutlawdx@lulu.com,Cristobal,Outlaw,2003-08-14T09:31:45Z,Conroy and Sons,Engineering
503,bcapindy@wikia.com,Baily,Capin,2012-08-27T16:51:22Z,Harvey LLC,Research and Development
504,gpretselldz@51.la,Giacopo,Pretsell,2014-12-09T05:34:46Z,Roberts LLC,Accounting
505,lurvoye0@delicious.com,Lennard,Urvoy,2003-09-02T23:25:19Z,Larkin LLC,Product Management
506,lgartlande1@godaddy.com,Lesley,Gartland,1990-11-11T20:14:05Z,Quigley-Hahn,Legal
507,crhymee2@reference.com,Coralyn,Rhyme,2013-04-07T07:50:43Z,Goodwin-Franecki,Human Resources
508,wfontine3@artisteer.com,Wyatan,Fontin,1996-08-29T01:30:52Z,Schoen-O'Reilly,Business Development
509,lsabane4@indiatimes.com,Leonidas,Saban,2011-06-30T19:13:22Z,"Vandervort, Marvin and Marks",Product Management
510,dwoodhamse5@ow.ly,Desi,Woodhams,2002-03-06T10:22:45Z,Gerlach-Quitzon,Legal
511,rwalworthe6@nyu.edu,Roby,Walworth,2002-04-02T14:54:09Z,Wisoky-Roberts,Accounting
512,rclaile7@pagesperso-orange.fr,Rockie,Clail,1996-02-11T17:26:47Z,Schaden Inc,Legal
513,jjellybrande8@cnbc.com,Jone,Jellybrand,1996-07-14T12:02:05Z,Franecki-Mayert,Marketing
514,neddise9@clickbank.net,Nicolai,Eddis,2016-01-13T21:48:46Z,Morar Inc,Sales
515,jdreganea@godaddy.com,Jerry,Dregan,2009-05-31T22:57:16Z,Bode-Luettgen,Marketing
516,ebakhrushkineb@hatena.ne.jp,Esme,Bakhrushkin,2007-03-27T06:00:50Z,Bashirian-Ferry,Training
517,gvalentettiec@homestead.com,Giovanna,Valentetti,1990-12-04T06:32:21Z,Beer Group,Services
518,vcatforded@spiegel.de,Vincents,Catford,1995-03-08T02:32:30Z,Rowe-Lang,Legal
519,jjaeggiee@msn.com,Jerrine,Jaeggi,1997-01-14T21:42:35Z,Baumbach-Dare,Services
520,aseifef@cargocollective.com,Alikee,Seif,2017-01-10T16:59:54Z,"Purdy, Cartwright and Ferry",Engineering
521,fwristeg@thetimes.co.uk,Frank,Wrist,2016-03-04T16:57:05Z,Kshlerin LLC,Research and Development
522,pchalleneh@over-blog.com,Pete,Challen,2019-07-11T08:25:09Z,"Bailey, Walter and Torphy",Legal
523,dlampertei@google.cn,Dorette,Lampert,2012-11-04T01:46:10Z,Schmitt Group,Training
524,lhackleyej@youku.com,Luigi,Hackley,1996-09-25T06:02:22Z,Cruickshank-Herman,Accounting
525,hegginsek@freewebs.com,Humberto,Eggins,2006-05-09T23:25:02Z,Berge-Kautzer,Services
526,rsuccamoreel@yelp.com,Rosemary,Succamore,2011-07-24T00:41:03Z,Schuster-Jaskolski,Marketing
527,mpotteridgeem@tinypic.com,Mellisa,Potteridge,1990-10-15T01:21:39Z,"Kutch, Kihn and Walker",Research and Development
528,aelverstonen@domainmarket.com,Allx,Elverston,1993-09-04T14:56:28Z,Lowe LLC,Research and Development
529,vpurseeo@lulu.com,Vern,Purse,2004-09-01T04:44:58Z,"Gutkowski, Powlowski and Gislason",Sales
530,wlaundonep@studiopress.com,Wilhelm,Laundon,2000-08-08T22:58:04Z,"Terry, Funk and Eichmann",Sales
531,lcockertoneq@washingtonpost.com,Lori,Cockerton,1993-04-20T05:09:22Z,Ratke-McLaughlin,Accounting
532,deadmeadeser@scribd.com,Debera,Eadmeades,2006-08-22T09:33:07Z,Von Group,Sales
533,msanhames@phoca.cz,Magdaia,Sanham,2020-05-23T09:58:32Z,"Franecki, Moore and Hand",Legal
534,talfonsoet@cdc.gov,Trevor,Alfonso,1991-04-28T06:24:44Z,Hayes and Sons,Accounting
535,wciccottieu@multiply.com,Waldemar,Ciccotti,2009-03-12T13:05:11Z,Feest-Weimann,Marketing
536,rantoniewiczev@biglobe.ne.jp,Rozina,Antoniewicz,2020-02-04T00:13:20Z,Borer Group,Training
537,dpidgeleyew@topsy.com,Dorthy,Pidgeley,2018-04-24T00:01:39Z,Hessel Inc,Engineering
538,ddemogeotex@joomla.org,Dorisa,Demogeot,1991-08-04T06:40:41Z,Cruickshank-Heidenreich,Services
539,siredelley@businesswire.com,Sax,Iredell,2006-11-05T22:27:26Z,Funk Group,Research and Development
540,msamwaysez@psu.edu,Mab,Samways,1994-06-14T22:33:48Z,Gerhold-Borer,Product Management
541,trookef0@imgur.com,Tamqrah,Rooke,2000-12-09T02:04:11Z,Friesen Group,Human Resources
542,ttschirschkyf1@stumbleupon.com,Thurston,Tschirschky,1997-05-23T09:01:30Z,"Boehm, Wisoky and Stokes",Human Resources
543,fbangsf2@imgur.com,Fanya,Bangs,1994-05-27T16:02:24Z,"Hessel, Lesch and Tromp",Sales
544,gvanderspohrf3@networkadvertising.org,Gaultiero,Van der Spohr,2019-08-22T23:41:35Z,Franecki-Carter,Legal
545,gcohenf4@unc.edu,Geoffry,Cohen,2016-05-26T17:31:35Z,Stokes-Daniel,Business Development
546,mdaelmanf5@mit.edu,Marice,Daelman,2008-12-18T19:03:14Z,Collier-Cormier,Legal
547,dgrunnellf6@google.it,Durante,Grunnell,1991-07-31T06:32:55Z,Cassin-Homenick,Accounting
548,rpossaf7@unesco.org,Rosemonde,Possa,1996-10-13T17:26:46Z,"Gusikowski, Gleason and Jast",Research and Development
549,cgarnamf8@i2i.jp,Colleen,Garnam,1992-05-16T19:08:41Z,VonRueden LLC,Business Development
550,despinaf9@alibaba.com,Denni,Espina,2007-11-19T12:17:34Z,Lind-Schimmel,Product Management
551,rvaggesfa@goodreads.com,Rollins,Vagges,1991-03-11T11:04:21Z,"Rowe, Jacobs and McDermott",Product Management
552,dswadonfb@prweb.com,Dell,Swadon,1995-09-19T06:31:33Z,Boyer-Green,Marketing
553,nmuckianfc@samsung.com,Nester,Muckian,2005-06-25T23:00:56Z,Torp-Stokes,Legal
554,bhatcliffefd@umn.edu,Blanch,Hatcliffe,2005-05-03T11:12:51Z,Brown LLC,Sales
555,rhayersfe@samsung.com,Rosco,Hayers,2019-10-22T18:40:32Z,Kling and Sons,Human Resources
556,hguerraff@aol.com,Harmonia,Guerra,2000-08-15T19:44:41Z,Willms Inc,Legal
557,lbumpasfg@arizona.edu,Lauri,Bumpas,2009-10-01T21:30:23Z,Johns-Volkman,Human Resources
558,cpherpsfh@nytimes.com,Cindelyn,Pherps,1996-06-20T00:18:56Z,Koch-Deckow,Training
559,mbottonerfi@reference.com,Merwin,Bottoner,2020-02-03T13:40:07Z,Ledner-Kris,Product Management
560,dtaksfj@issuu.com,Denna,Taks,2012-08-07T05:17:42Z,Schimmel Inc,Product Management
561,rblakedenfk@amazon.co.uk,Rhianna,Blakeden,2018-04-20T05:25:10Z,Cronin Group,Business Development
562,dmccallisterfl@gmpg.org,Davon,McCallister,2005-10-14T15:43:25Z,"Trantow, Armstrong and Lehner",Sales
563,gmanthorpefm@photobucket.com,Grissel,Manthorpe,2020-12-15T04:12:50Z,Rohan LLC,Training
564,eskacefn@constantcontact.com,Egon,Skace,2012-05-30T09:31:03Z,"Kuvalis, Murazik and Nolan",Legal
565,jrenboldfo@cbslocal.com,Jacintha,Renbold,2016-09-19T20:57:11Z,Boehm-Farrell,Training
566,jchevinsfp@sun.com,Jemmie,Chevins,2010-05-03T10:52:00Z,Larson-Lind,Support
567,wmardellfq@archive.org,Willamina,Mardell,2019-08-11T11:43:41Z,Lehner-Predovic,Services
568,cmccombfr@csmonitor.com,Cathe,McComb,1991-01-27T03:48:03Z,"Emmerich, Romaguera and Blanda",Services
569,rmarzellafs@senate.gov,Rafferty,Marzella,2001-12-05T20:23:39Z,Buckridge LLC,Research and Development
570,sjakucewiczft@ox.ac.uk,Susanna,Jakucewicz,2005-09-16T15:41:10Z,"Braun, Abshire and Boehm",Engineering
571,tbellhangerfu@ameblo.jp,Tallulah,Bellhanger,2015-08-26T17:20:29Z,Orn-Jones,Product Management
572,lfolcarellifv@bandcamp.com,Lombard,Folcarelli,2020-04-15T15:45:45Z,Hessel-Roberts,Marketing
573,snoenfw@nih.gov,Suzann,Noen,2008-02-13T02:06:36Z,"Kirlin, Shanahan and Hermann",Research and Development
574,jpetrufx@issuu.com,Jeffrey,Petru,1994-09-22T14:00:07Z,Balistreri Inc,Support
575,sliddenfy@hp.com,Si,Lidden,2012-01-28T00:25:17Z,Torphy and Sons,Legal
576,fberthfz@va.gov,Fina,Berth,2015-06-18T15:50:53Z,Muller Group,Legal
577,gfitzsymonsg0@bing.com,Garnet,Fitzsymons,2009-02-02T04:44:12Z,Zboncak Inc,Training
578,jmawdsleyg1@fda.gov,Joan,Mawdsley,2009-01-13T21:13:48Z,Donnelly Inc,Sales
579,mfontellg2@umn.edu,Mayne,Fontell,2011-06-16T19:17:52Z,Grady Inc,Human Resources
580,afirthg3@drupal.org,Alex,Firth,1999-10-24T16:58:41Z,"Turcotte, Swaniawski and Mueller",Business Development
581,wdymidowskig4@ox.ac.uk,Weidar,Dymidowski,1991-12-10T03:58:35Z,Harris LLC,Marketing
582,htilleg5@hud.gov,Harli,Tille,2019-02-01T03:02:33Z,Koss-Kessler,Product Management
583,cnawtong6@sun.com,Carline,Nawton,2000-06-28T01:46:33Z,Block and Sons,Engineering
584,gponnsettg7@gov.uk,Galina,Ponnsett,1996-11-08T06:38:03Z,Koch-Bode,Training
585,inewcomeng8@sciencedirect.com,Issi,Newcomen,1995-09-03T00:17:52Z,"Orn, Bernier and Kub",Business Development
586,azuckerg9@furl.net,Artus,Zucker,1995-11-11T06:46:37Z,Marvin-Luettgen,Engineering
587,nmanningga@friendfeed.com,Nara,Manning,2001-09-23T09:30:08Z,"Christiansen, Rolfson and Goyette",Accounting
588,tjozefowiczgb@taobao.com,Tory,Jozefowicz,1997-07-12T04:04:47Z,Harber-Lakin,Marketing
589,tphilbingc@ebay.com,Tulley,Philbin,2008-12-22T22:21:07Z,"Auer, Dicki and Graham",Marketing
590,dboldtgd@imdb.com,Durante,Boldt,2006-11-25T16:00:18Z,Beatty LLC,Accounting
591,abewshawge@list-manage.com,Andy,Bewshaw,2016-12-09T14:18:40Z,Rippin-Stamm,Research and Development
592,ccamilligf@51.la,Carmina,Camilli,1996-03-29T11:29:43Z,MacGyver-Hartmann,Business Development
593,fklamptgg@princeton.edu,Fowler,Klampt,1995-01-27T15:30:30Z,"Yost, Yost and Cronin",Legal
594,adifrancescogh@so-net.ne.jp,Augustine,Di Francesco,2009-11-08T14:43:51Z,"Waters, Bradtke and Schaefer",Training
595,mmoncrieffegi@spiegel.de,May,Moncrieffe,2014-03-19T21:07:43Z,Barton-Collins,Legal
596,mantowskigj@aol.com,Merline,Antowski,2004-12-22T06:28:34Z,Parisian and Sons,Human Resources
597,hbordissgk@forbes.com,Harli,Bordiss,2012-07-18T11:14:50Z,Cummerata LLC,Business Development
598,lconnowgl@cargocollective.com,Lon,Connow,2016-04-12T23:32:54Z,Bode-Breitenberg,Legal
599,nkohrdinggm@list-manage.com,Nanine,Kohrding,1992-05-20T01:35:43Z,Farrell Group,Business Development
600,vmahaffeygn@tinyurl.com,Valenka,Mahaffey,2017-11-07T08:49:11Z,"Ratke, Kautzer and Langosh",Training
601,jlaughrengo@spiegel.de,Jeff,Laughren,1993-05-29T11:16:58Z,"Smith, Bergstrom and Aufderhar",Business Development
602,smurchgp@amazon.com,Saraann,Murch,1993-11-24T18:25:05Z,"Crona, Stamm and Gaylord",Support
603,dspeakmangq@dropbox.com,Danie,Speakman,2014-08-27T13:54:11Z,"Lowe, Kuhic and Feil",Marketing
604,rwyregr@tiny.cc,Royall,Wyre,2007-04-17T04:05:59Z,Kutch Inc,Engineering
605,uwolfegs@w3.org,Ulick,Wolfe,1990-03-29T00:55:26Z,Kulas LLC,Research and Development
606,headdygt@mapquest.com,Hussein,Eaddy,2004-11-20T07:28:00Z,"Ankunding, Dickinson and Boehm",Research and Development
607,drolfigu@altervista.org,Donella,Rolfi,2012-11-30T06:56:53Z,"Bergnaum, Gerhold and Connelly",Product Management
608,gmessergv@google.com.br,Grange,Messer,2016-08-17T03:42:55Z,Bergstrom Inc,Product Management
609,lfairygw@ycombinator.com,Lorin,Fairy,2018-02-16T03:21:54Z,"Ritchie, Brakus and Bartell",Engineering
610,dstandingfordgx@ifeng.com,Drew,Standingford,2004-10-26T02:54:30Z,"Goodwin, Lynch and Marvin",Human Resources
611,cpendergrastgy@sitemeter.com,Carlee,Pendergrast,2013-12-20T12:48:27Z,Prosacco-Jast,Legal
612,mfinnangz@mysql.com,Mathilde,Finnan,1997-06-20T01:15:47Z,"Swift, Collins and Padberg",Engineering
613,mstoreyh0@artisteer.com,Mead,Storey,2005-09-01T12:51:17Z,Mante-Lebsack,Product Management
614,dhouldh1@cornell.edu,Del,Hould,2002-08-27T14:33:57Z,Streich Group,Product Management
615,gabelevitzh2@oaic.gov.au,Grantley,Abelevitz,2001-03-06T15:58:48Z,Hane-Emmerich,Services
616,rfiddymenth3@soundcloud.com,Roxane,Fiddyment,1994-12-03T23:09:52Z,Johns-Berge,Marketing
617,vmilleh4@wisc.edu,Vinnie,Mille,2011-06-09T15:46:41Z,"Zulauf, Schamberger and Wiegand",Sales
618,cseligsonh5@istockphoto.com,Corilla,Seligson,1992-07-28T03:37:49Z,O'Kon-Wintheiser,Human Resources
619,osoeiroh6@boston.com,Oliver,Soeiro,1990-01-28T07:29:48Z,Turner-Mitchell,Accounting
620,tcoeh7@infoseek.co.jp,Timmy,Coe,2004-11-12T00:10:17Z,Conroy-Koepp,Training
621,apeppinh8@patch.com,Aubrey,Peppin,2014-09-22T12:31:21Z,Walter-Rutherford,Legal
622,mnormavellh9@pagesperso-orange.fr,Mellie,Normavell,1998-07-19T02:53:09Z,"Cummings, Gislason and Upton",Legal
623,egriffittha@usatoday.com,Ephrayim,Griffitt,2010-10-10T13:29:41Z,Langosh and Sons,Legal
624,aberrymanhb@tripod.com,Andrei,Berryman,2003-12-24T02:46:45Z,Paucek Group,Sales
625,aaugustinhc@kickstarter.com,Antone,Augustin,2009-06-28T22:20:51Z,Pfeffer LLC,Research and Development
626,trowterhd@indiatimes.com,Tillie,Rowter,2004-07-26T07:12:06Z,"Tremblay, Glover and Jenkins",Marketing
627,nlubmanhe@networkadvertising.org,Nate,Lubman,1997-11-16T12:53:41Z,Tillman Group,Services
628,lmetzkehf@webnode.com,Lindie,Metzke,2006-05-15T03:39:03Z,Brakus LLC,Business Development
629,rdomninhg@hc360.com,Reine,Domnin,1998-04-11T23:37:09Z,"Abshire, Dare and Bogan",Engineering
630,cfienneshh@google.ca,Charlean,Fiennes,2015-10-18T13:44:04Z,"Tromp, Gleichner and Carroll",Services
631,tdonawayhi@buzzfeed.com,Tabbie,Donaway,2009-12-01T05:31:09Z,"Romaguera, Hammes and Berge",Research and Development
632,jgodierhj@last.fm,Janaya,Godier,2018-09-07T14:47:32Z,"Labadie, Blanda and Balistreri",Sales
633,echaropenhk@hhs.gov,Elvis,Charopen,2017-10-09T22:06:02Z,Nicolas and Sons,Product Management
634,ahoyhl@mac.com,Anitra,Hoy,1999-07-02T11:56:59Z,"Bailey, Champlin and Heller",Sales
635,lmcfarlanhm@wp.com,Linea,McFarlan,2010-05-29T11:43:19Z,"Kling, Wolff and Mohr",Engineering
636,mlarkinshn@instagram.com,Marcelo,Larkins,2006-06-07T08:31:44Z,Mann Group,Engineering
637,swhenhamho@livejournal.com,Sidnee,Whenham,2003-03-21T23:47:07Z,Stanton-Hartmann,Engineering
638,ocahalinhp@nps.gov,Onfroi,Cahalin,1998-11-03T04:38:23Z,Waelchi-Schmeler,Marketing
639,smckeahq@umich.edu,Sebastian,McKea,2008-12-25T14:35:40Z,Upton and Sons,Legal
640,mkeydenhr@addthis.com,Meris,Keyden,2016-07-12T08:13:26Z,"Goldner, Ryan and Wilkinson",Marketing
641,smclanachanhs@netscape.com,Salmon,McLanachan,2014-03-25T15:03:45Z,Adams LLC,Human Resources
642,sseagraveht@dailymotion.com,Sharai,Seagrave,2004-02-28T13:59:22Z,Schowalter Group,Human Resources
643,bruberyhu@squidoo.com,Bev,Rubery,1999-03-14T22:49:03Z,"Olson, Okuneva and Mayer",Sales
644,kklessmannhv@shutterfly.com,Karen,Klessmann,2011-11-28T04:57:40Z,"Connelly, Mills and Cronin",Product Management
645,ystutherhw@ezinearticles.com,Ynez,Stuther,2019-02-27T05:51:07Z,"Hodkiewicz, Smith and Pfannerstill",Legal
646,zhulancehx@scientificamerican.com,Zitella,Hulance,2002-08-20T11:23:00Z,"Haley, Schneider and Grant",Sales
647,mkingehy@studiopress.com,Marie-ann,Kinge,2011-09-15T23:43:30Z,Morar-Bahringer,Accounting
648,hmintrimhz@imageshack.us,Hughie,Mintrim,2012-07-19T14:39:29Z,O'Conner Inc,Accounting
649,dmclarensi0@yahoo.co.jp,Devon,McLarens,2006-06-03T04:35:33Z,"D'Amore, Jerde and Beahan",Research and Development
650,akitteridgei1@artisteer.com,Andris,Kitteridge,2007-10-23T04:30:18Z,Ebert and Sons,Training
651,dannioni2@oakley.com,Dino,Annion,1998-10-08T05:30:24Z,Kshlerin-Simonis,Sales
652,cmccuaigi3@weather.com,Chandra,McCuaig,2018-06-24T13:41:58Z,Dach and Sons,Training
653,elounti4@unc.edu,Elbertine,Lount,2017-10-29T16:00:42Z,"Lueilwitz, Greenholt and Powlowski",Legal
654,hbarnewellei5@usatoday.com,Harmonie,Barnewelle,2006-01-11T01:02:05Z,Pollich LLC,Engineering
655,rglennardi6@issuu.com,Riordan,Glennard,2007-10-01T17:58:34Z,Ruecker-Schimmel,Business Development
656,vallchorni7@chicagotribune.com,Valentin,Allchorn,2003-03-26T03:33:16Z,"Gerlach, Fisher and Bailey",Marketing
657,btukelyi8@wunderground.com,Bette,Tukely,2019-05-03T01:09:17Z,Haley LLC,Business Development
658,cstaddoni9@squarespace.com,Coop,Staddon,1995-09-09T19:53:57Z,Erdman-Crooks,Product Management
659,enapoleonia@dion.ne.jp,Elsie,Napoleon,1992-12-04T04:01:27Z,"McLaughlin, Schoen and Tremblay",Research and Development
660,qworvellib@istockphoto.com,Quintilla,Worvell,2006-05-18T19:03:49Z,Quigley-Orn,Accounting
661,lreiachic@cisco.com,Luigi,Reiach,2014-06-11T16:52:49Z,"Gerlach, Botsford and Langworth",Marketing
662,mperratid@etsy.com,Marla,Perrat,1999-02-14T01:27:32Z,Sanford-Goyette,Support
663,lbouzanie@earthlink.net,Leyla,Bouzan,1990-05-03T03:03:18Z,Lind-Kuphal,Sales
664,vmardlingif@narod.ru,Vittoria,Mardling,1994-12-17T01:01:30Z,Macejkovic Inc,Product Management
665,htilliardsig@amazonaws.com,Hedwig,Tilliards,2007-08-12T16:53:47Z,Wolf-Kuhic,Research and Development
666,ddockreeih@disqus.com,Dinny,Dockree,1997-08-16T19:16:19Z,Corwin and Sons,Training
667,nroacheii@digg.com,Nettle,Roache,2013-06-15T13:51:08Z,"Block, Nitzsche and Eichmann",Legal
668,jbrittonij@icq.com,Joelly,Britton,2009-04-24T18:31:43Z,Dicki-Bartell,Research and Development
669,lcaldayrouik@jiathis.com,Leigh,Caldayrou,2014-05-29T16:42:55Z,Gutkowski Inc,Marketing
670,gdalliwateril@jalbum.net,Gardner,Dalliwater,2014-07-28T04:34:37Z,Erdman LLC,Marketing
671,ccoulthurstim@t.co,Cassie,Coulthurst,1994-12-27T22:51:52Z,Hyatt-Brekke,Support
672,grymerin@ning.com,Gawen,Rymer,1999-12-07T14:55:33Z,Goldner-Moen,Marketing
673,mmcfallio@blogger.com,Mano,McFall,2017-10-28T16:01:51Z,Gusikowski and Sons,Support
674,jpietzkeip@examiner.com,Jonathon,Pietzke,1996-09-07T16:10:02Z,Monahan and Sons,Training
675,bberriballiq@csmonitor.com,Binnie,Berriball,1997-08-07T08:23:52Z,Pouros and Sons,Engineering
676,gmaccartanir@skype.com,Ginny,MacCartan,1996-05-14T10:29:50Z,Cremin-Kuphal,Legal
677,esheedis@nih.gov,Erie,Sheed,2020-04-13T04:08:20Z,Hane Inc,Services
678,rkneeshawit@upenn.edu,Rochell,Kneeshaw,2005-03-29T14:07:00Z,"Jakubowski, Cummerata and Crist",Product Management
679,lwhitleyiu@businesswire.com,Lind,Whitley,2012-12-15T14:09:04Z,Heaney LLC,Product Management
680,lcaldicottiv@guardian.co.uk,Lian,Caldicott,1997-09-08T07:36:50Z,Jaskolski-Streich,Human Resources
681,kabramofiw@ucoz.com,Karil,Abramof,2011-01-30T16:15:21Z,Hane Inc,Sales
682,bchavesix@bigcartel.com,Bethina,Chaves,2015-01-22T03:32:55Z,Kirlin-Heaney,Accounting
683,lgaylordiy@cocolog-nifty.com,Laney,Gaylord,1991-07-22T16:11:02Z,"Towne, Beer and Donnelly",Services
684,ttrainiz@cbc.ca,Thane,Train,2013-03-04T15:40:33Z,"O'Hara, Collins and Schneider",Human Resources
685,gsaggsj0@cam.ac.uk,Galen,Saggs,2004-08-20T20:54:25Z,"Maggio, Borer and Jerde",Product Management
686,wmyrkusj1@youtube.com,Wilburt,Myrkus,1991-09-26T23:36:18Z,Dach-Dietrich,Human Resources
687,cforlongj2@fotki.com,Christiana,Forlong,2018-05-26T04:43:52Z,Ortiz Group,Training
688,dgebuhrj3@bloomberg.com,Dorelle,Gebuhr,1991-04-29T21:38:03Z,Kohler and Sons,Engineering
689,mbeeresj4@sitemeter.com,Meggi,Beeres,2000-11-26T02:37:22Z,"Simonis, Friesen and McGlynn",Training
690,rbulleyj5@sciencedirect.com,Rakel,Bulley,2007-06-08T02:46:11Z,"O'Kon, Lowe and Runolfsson",Research and Development
691,xivchenkoj6@artisteer.com,Xylina,Ivchenko,2014-02-18T15:32:07Z,"Fay, Kilback and Gaylord",Marketing
692,apietronj7@apple.com,Alanna,Pietron,2007-11-24T17:41:34Z,Berge LLC,Marketing
693,lbasinigazzij8@moonfruit.com,Lem,Basini-Gazzi,2020-10-04T01:18:21Z,"Hoppe, Satterfield and Kuhn",Human Resources
694,screasyj9@xing.com,Stormie,Creasy,1992-11-29T04:49:32Z,Wilderman-Schaefer,Training
695,skaresja@chronoengine.com,Simona,Kares,2014-07-27T11:42:22Z,Schuster LLC,Support
696,bespaderojb@sciencedirect.com,Brucie,Espadero,2002-02-12T15:42:47Z,Stoltenberg Group,Human Resources
697,kbonjc@odnoklassniki.ru,Kathryne,Bon,1991-11-28T11:19:08Z,"Sawayn, Lind and Okuneva",Training
698,ghalpinjd@marketwatch.com,Greggory,Halpin,1992-06-22T22:52:14Z,Fahey Group,Marketing
699,cpankhurstje@hubpages.com,Christian,Pankhurst.,2000-02-25T21:53:20Z,"Breitenberg, Kshlerin and Macejkovic",Research and Development
700,mbarajazjf@exblog.jp,Marlena,Barajaz,1992-02-05T15:05:34Z,"Collins, Donnelly and Lowe",Research and Development
701,fharoldjg@cnn.com,Ferdy,Harold,2007-01-14T02:41:24Z,"Moore, Mertz and Durgan",Marketing
702,mdoigejh@yahoo.co.jp,Marylou,Doige,2006-10-19T18:24:05Z,"Roob, Willms and Cruickshank",Business Development
703,jgresonji@livejournal.com,Jan,Greson,1996-05-23T09:19:25Z,"Prosacco, Hegmann and Barton",Business Development
704,jviscovijj@wufoo.com,Jaimie,Viscovi,2016-10-23T05:27:49Z,"Stehr, Jacobs and Glover",Sales
705,mcullonjk@infoseek.co.jp,Mikey,Cullon,2017-06-09T19:31:59Z,Ryan-Leffler,Marketing
706,rweblinjl@goo.ne.jp,Rodrigo,Weblin,2016-01-03T08:50:26Z,Wisoky-Dickinson,Accounting
707,egildeajm@amazon.com,Esther,Gildea,1994-12-22T12:08:54Z,Smith-Mertz,Engineering
708,kgourliejn@smh.com.au,Karlie,Gourlie,2019-07-14T16:46:30Z,Murazik LLC,Sales
709,fshipcottjo@ibm.com,Ferdinande,Shipcott,2004-05-11T20:07:13Z,Johns Inc,Accounting
710,mfilippovjp@sakura.ne.jp,Mozes,Filippov,1999-08-14T12:16:22Z,Fisher-Nienow,Marketing
711,ztremethackjq@tripod.com,Zola,Tremethack,2011-06-26T05:34:13Z,Mitchell LLC,Engineering
712,ctobyjr@amazon.de,Chariot,Toby,2002-05-11T10:15:21Z,"Bogisich, Schinner and Schowalter",Legal
713,rcranmorejs@desdev.cn,Rhody,Cranmore,2020-10-06T15:16:21Z,"Dickens, Olson and Daugherty",Accounting
714,jvickeryjt@ameblo.jp,Jania,Vickery,1992-03-13T04:24:57Z,"Effertz, Gislason and Gutmann",Business Development
715,vclitherowju@sun.com,Vita,Clitherow,2010-07-26T05:33:22Z,"Kulas, Emmerich and Herzog",Services
716,twissonjv@cam.ac.uk,Timmy,Wisson,2005-12-30T12:02:04Z,Murazik-Rath,Services
717,karchbaldjw@jiathis.com,Kristi,Archbald,2009-09-19T09:37:34Z,Waelchi-Collins,Legal
718,dmarplesjx@microsoft.com,Darcie,Marples,2019-10-06T19:12:43Z,"Schneider, Witting and D'Amore",Business Development
719,hmattockjy@taobao.com,Hank,Mattock,2014-02-22T05:22:07Z,Cassin-Jenkins,Accounting
720,ekennanjz@is.gd,Eulalie,Kennan,2010-02-16T08:21:26Z,Paucek Inc,Product Management
721,mdrohank0@imdb.com,Merrie,Drohan,1999-06-12T09:48:51Z,Steuber and Sons,Product Management
722,mgladebeckk1@cnbc.com,Maybelle,Gladebeck,2019-04-14T18:57:20Z,Mayert-Renner,Sales
723,tdwirek2@google.pl,Talyah,Dwire,2010-11-06T09:54:50Z,Schulist-Hickle,Accounting
724,sdukek3@yelp.com,Sherlock,Duke,2011-11-08T17:06:49Z,Witting Inc,Sales
725,jmcreathk4@yelp.com,Jasen,McReath,2002-02-13T11:40:20Z,Gerlach LLC,Services
726,zstanmorek5@miitbeian.gov.cn,Zed,Stanmore,2001-09-17T04:43:20Z,"Stehr, Bauch and Gislason",Support
727,bscottk6@csmonitor.com,Betsey,Scott,2009-06-06T04:22:42Z,"Cummerata, Miller and Ward",Sales
728,xcrackk7@w3.org,Xaviera,Crack,2016-03-06T23:54:52Z,Brown-Jast,Business Development
729,kpiellk8@mlb.com,Keely,Piell,1997-07-05T00:04:42Z,"Simonis, Stiedemann and Thiel",Support
730,dsanperk9@woothemes.com,Daron,Sanper,2013-03-03T10:31:02Z,"Huels, MacGyver and Keeling",Research and Development
731,dpiatkowskika@nps.gov,Darby,Piatkowski,1992-04-11T00:39:39Z,Schmitt-Lang,Research and Development
732,lferrokb@virginia.edu,Leigh,Ferro,2017-02-01T07:06:29Z,Bechtelar Group,Marketing
733,pwestlakekc@hibu.com,Paige,Westlake,1996-08-15T05:34:47Z,Rowe Group,Legal
734,cmccambridgekd@columbia.edu,Chalmers,McCambridge,2000-04-23T02:50:43Z,Hirthe-Muller,Support
735,hcantke@de.vu,Hyacinth,Cant,1997-02-06T16:49:08Z,"Cartwright, Effertz and Kling",Engineering
736,lradinkf@gmpg.org,Linn,Radin,1994-02-15T01:53:05Z,Konopelski-Stoltenberg,Human Resources
737,cdourinkg@livejournal.com,Ches,Dourin,2007-11-18T12:36:51Z,Bernhard-Kuhic,Training
738,cpleasauncekh@gnu.org,Clive,Pleasaunce,1996-02-20T11:09:27Z,"Kreiger, Altenwerth and Eichmann",Product Management
739,mbrewseki@bravesites.com,Martguerita,Brewse,2010-01-01T08:30:54Z,Torphy and Sons,Accounting
740,swaterworthkj@goo.ne.jp,Sheppard,Waterworth,2003-12-04T08:14:37Z,O'Conner-Koepp,Engineering
741,hgustickekk@artisteer.com,Harmonia,Gusticke,2005-09-27T11:30:37Z,Pouros-Kohler,Legal
742,bgilbertkl@prlog.org,Beauregard,Gilbert,2018-02-18T06:52:56Z,Swift-Weissnat,Training
743,bsainsburybrownkm@de.vu,Barry,Sainsbury-Brown,2013-01-25T19:41:55Z,Hintz Group,Sales
744,mretallickkn@google.fr,Marsiella,Retallick,2011-04-04T21:03:33Z,Runolfsson-Hamill,Human Resources
745,lwilseko@so-net.ne.jp,Loy,Wilse,2014-02-25T02:46:02Z,"Kunde, O'Connell and Torphy",Support
746,hmcaughtrykp@craigslist.org,Heddi,McAughtry,1996-09-18T15:13:02Z,Kuphal-Russel,Product Management
747,claughlankq@sohu.com,Cathy,Laughlan,1999-02-15T12:10:43Z,Huels and Sons,Sales
748,bdurnankr@state.gov,Bernarr,Durnan,2019-06-17T21:27:26Z,King Group,Product Management
749,astealfoxks@cloudflare.com,Alys,Stealfox,1993-07-19T17:40:35Z,Hauck Group,Accounting
750,lhambidgekt@webnode.com,Livia,Hambidge,1995-12-31T22:25:11Z,"Zulauf, Hudson and Tremblay",Human Resources
751,rwilmottku@gov.uk,Roderic,Wilmott,1993-05-06T03:47:14Z,Hauck Group,Sales
752,alarringtonkv@reddit.com,Alie,Larrington,1995-03-25T07:31:50Z,Mayert Group,Accounting
753,dyelekw@sourceforge.net,Dacey,Yele,1996-07-25T07:07:13Z,"Ryan, Prosacco and Kub",Engineering
754,lochterlonykx@microsoft.com,Lauren,Ochterlony,1999-10-13T05:20:12Z,Buckridge and Sons,Training
755,ppitneyky@theglobeandmail.com,Pia,Pitney,2007-11-07T11:37:23Z,Buckridge LLC,Product Management
756,fhrinishinkz@mac.com,Fairleigh,Hrinishin,2010-02-24T07:58:14Z,Boyer Inc,Sales
757,jbrydonel0@51.la,Jobey,Brydone,1998-06-19T08:16:12Z,"Bruen, Kunde and Zemlak",Engineering
758,llinturnl1@omniture.com,Lincoln,Linturn,2002-12-28T18:10:22Z,"Brown, Abbott and Robel",Human Resources
759,mcleefl2@jiathis.com,Margy,Cleef,2002-09-21T19:21:52Z,Dietrich-Gutmann,Product Management
760,abuffeyl3@huffingtonpost.com,Alla,Buffey,1993-03-13T10:56:08Z,"Kunde, Ortiz and Johns",Support
761,wlyel4@altervista.org,Waverley,Lye,2006-08-03T17:27:54Z,Morar LLC,Marketing
762,cletticel5@newsvine.com,Casar,Lettice,2011-03-14T01:38:48Z,Green-Cruickshank,Support
763,lthackerl6@elpais.com,Lucas,Thacker,1995-06-07T02:45:58Z,Willms and Sons,Human Resources
764,ibriatl7@sphinn.com,Ingaborg,Briat,2006-01-23T04:08:15Z,Spencer Inc,Accounting
765,ckinneyl8@yale.edu,Clara,Kinney,1995-01-10T04:47:39Z,Mayer-Schoen,Accounting
766,dniasl9@va.gov,Dallas,Nias,1996-11-08T19:51:16Z,Wilkinson-Kiehn,Product Management
767,aparadinla@ezinearticles.com,Audrey,Paradin,2016-05-10T05:58:14Z,Tillman-West,Business Development
768,pmclartylb@yale.edu,Perice,McLarty,2001-07-26T05:20:30Z,"Bauch, Rowe and Smith",Sales
769,cpuiglc@home.pl,Cazzie,Puig,1996-04-30T02:08:19Z,"Turcotte, Gorczany and Cormier",Research and Development
770,hostickld@answers.com,Hunt,Ostick,1998-03-03T06:53:15Z,Daugherty-Wolff,Marketing
771,cgrzelakle@uiuc.edu,Cloris,Grzelak,2016-02-29T18:15:38Z,"Rippin, Botsford and Daniel",Support
772,mwillesonlf@ihg.com,Mallory,Willeson,1996-01-30T08:18:57Z,"Becker, Cummerata and Corkery",Human Resources
773,mgudgerlg@privacy.gov.au,Morganne,Gudger,2015-05-22T08:57:02Z,Mann Group,Sales
774,chubberlh@state.tx.us,Chris,Hubber,2002-11-27T19:36:48Z,Shields LLC,Marketing
775,tcuxonli@wix.com,Thia,Cuxon,2008-07-10T02:07:02Z,Walter-Crist,Accounting
776,sflickerlj@goo.ne.jp,Shannah,Flicker,2014-05-30T17:14:37Z,Johnston-Hand,Business Development
777,bblackbornlk@mashable.com,Blancha,Blackborn,2003-12-03T20:05:27Z,"Swift, Kulas and Ernser",Product Management
778,aclappisonll@wordpress.com,Alaster,Clappison,2009-05-03T14:18:18Z,Larkin-Lynch,Legal
779,oaslinglm@apple.com,Olly,Asling,1993-07-20T15:05:09Z,Shanahan-Kris,Human Resources
780,pskuseln@ask.com,Port,Skuse,1994-11-01T05:43:52Z,"Stroman, Hudson and Jacobi",Support
781,zwybronlo@ted.com,Zechariah,Wybron,1997-05-05T04:18:49Z,"McLaughlin, Sawayn and Jast",Engineering
782,bmadgelp@home.pl,Barret,Madge,2000-08-30T13:48:08Z,Towne-Stokes,Legal
783,tlookslq@boston.com,Tressa,Looks,1999-12-22T01:24:55Z,MacGyver-Konopelski,Training
784,oamylr@webs.com,Olag,Amy,1993-09-14T00:01:42Z,"Hauck, Jacobi and Braun",Services
785,rmccamishls@multiply.com,Reine,McCamish,2019-11-18T03:05:31Z,"Johnson, Reichel and Kutch",Business Development
786,eworshamlt@etsy.com,Ebeneser,Worsham,2003-09-30T20:44:33Z,Nolan-Bartell,Services
787,mglassmanlu@qq.com,Meta,Glassman,1993-02-03T13:13:27Z,Hirthe LLC,Product Management
788,mpietruszkalv@addtoany.com,Margeaux,Pietruszka,2001-05-08T01:26:25Z,Pacocha Group,Marketing
789,treggianilw@opera.com,Tessi,Reggiani,1999-01-17T03:15:45Z,Willms LLC,Engineering
790,acolleylx@globo.com,Ardella,Colley,2019-09-27T04:35:40Z,Lind Group,Engineering
791,odruittly@seattletimes.com,Oralia,Druitt,2004-06-10T21:37:04Z,"Ryan, Moore and Weber",Marketing
792,kjouenlz@smh.com.au,Kerri,Jouen,2004-06-14T12:06:53Z,"Russel, Flatley and Bosco",Engineering
793,ndumkem0@mac.com,Nikola,Dumke,2000-09-12T15:44:19Z,"Farrell, Hackett and Sawayn",Accounting
794,rbessettm1@prlog.org,Rennie,Bessett,2012-10-16T20:22:56Z,Murazik-Johns,Human Resources
795,howlnerm2@cbslocal.com,Harry,Owlner,2001-12-20T17:52:11Z,Boyer Group,Support
796,rmoretonm3@tripadvisor.com,Rosella,Moreton,1999-08-11T04:10:00Z,"Ledner, Gleason and Casper",Accounting
797,hchristensenm4@wikia.com,Honoria,Christensen,2004-12-07T07:21:08Z,"Weimann, Hegmann and Dooley",Human Resources
798,cchampionm5@smh.com.au,Catha,Champion,1991-07-30T10:44:55Z,Kovacek-Walsh,Business Development
799,fmcowism6@hud.gov,Felita,M'cowis,2019-07-05T05:51:10Z,Hammes and Sons,Business Development
800,ppitrassom7@google.ca,Pennie,Pitrasso,1998-11-11T06:47:03Z,Abbott-Huels,Product Management
801,tgroocockm8@businessinsider.com,Trescha,Groocock,1997-09-29T17:25:14Z,"Doyle, Rogahn and Bosco",Product Management
802,cshentonm9@about.me,Cornelius,Shenton,2014-07-07T01:08:18Z,"Ziemann, Kovacek and Mosciski",Legal
803,mlorentzma@parallels.com,Madelon,Lorentz,2018-10-01T11:39:24Z,"Weissnat, Sawayn and Sanford",Legal
804,rmatyjamb@mtv.com,Rea,Matyja,1994-03-08T03:06:10Z,"Effertz, Satterfield and Ankunding",Training
805,jflookmc@yellowpages.com,Jania,Flook,1990-01-19T17:43:24Z,"Wintheiser, Gaylord and Greenholt",Human Resources
806,ebreckinmd@ameblo.jp,Erminia,Breckin,2006-02-25T05:29:27Z,Marquardt-Ferry,Engineering
807,dburdekinme@dion.ne.jp,Dewie,Burdekin,1992-09-02T23:02:15Z,Effertz Group,Engineering
808,ocorwoodmf@xinhuanet.com,Orson,Corwood,1992-08-23T03:27:53Z,Windler-Connelly,Product Management
809,akimberleymg@washington.edu,Amandie,Kimberley,1997-07-16T22:24:13Z,"Collier, Balistreri and Senger",Research and Development
810,ispandleymh@home.pl,Ignacius,Spandley,2008-02-08T00:45:45Z,Legros-Stokes,Business Development
811,dbevansmi@prweb.com,Davin,Bevans,2008-04-09T18:57:50Z,Franecki-Boyer,Support
812,dstrudwickmj@qq.com,Del,Strudwick,2013-06-07T06:44:51Z,Pollich-Windler,Research and Development
813,pogdenmk@bloomberg.com,Paul,Ogden,2007-11-30T05:25:55Z,Cassin-Collier,Human Resources
814,bminkinml@addthis.com,Bevvy,Minkin,1996-11-20T18:33:01Z,"Stark, Dare and Bergstrom",Business Development
815,wdemullettmm@blogspot.com,Wallas,de Mullett,1991-10-13T12:48:51Z,"Wilderman, Bailey and Schmeler",Accounting
816,adomokosmn@mysql.com,Aretha,Domokos,1991-07-24T00:38:19Z,Walter Group,Services
817,gsiemantelmo@networkadvertising.org,Glynnis,Siemantel,2018-12-23T05:46:46Z,"McGlynn, Eichmann and Huel",Support
818,dpurkissmp@prweb.com,Diann,Purkiss,2011-07-30T08:13:11Z,"Waelchi, Wiegand and Bins",Business Development
819,cmullingermq@guardian.co.uk,Constantino,Mullinger,1996-06-25T17:51:02Z,Witting Inc,Product Management
820,gtasselermr@stanford.edu,Ginni,Tasseler,1998-05-25T13:15:35Z,Little-Stanton,Legal
821,abrattyms@accuweather.com,Adda,Bratty,2009-02-15T15:07:00Z,"Leuschke, Spinka and Kunde",Support
822,squaintonmt@clickbank.net,Sibylla,Quainton,1992-06-01T18:57:11Z,Weissnat Inc,Legal
823,rskelbeckmu@webmd.com,Rriocard,Skelbeck,2001-05-04T23:32:36Z,Heaney Group,Training
824,mbraccimv@ucsd.edu,Merilyn,Bracci,1993-02-06T15:05:26Z,Weissnat-Aufderhar,Accounting
825,csilvestermw@blogger.com,Christoforo,Silvester,2010-06-07T07:40:11Z,Johns-Klocko,Product Management
826,tbartleetmx@accuweather.com,Terry,Bartleet,2010-01-24T01:57:48Z,Shanahan-Pfeffer,Human Resources
827,tkaremanmy@webmd.com,Tabitha,Kareman,1998-05-24T22:54:22Z,"Ondricka, Jenkins and Wolff",Marketing
828,adodsonmz@usda.gov,Amandi,Dodson,2003-05-14T17:00:42Z,Pfeffer and Sons,Engineering
829,aakkern0@cmu.edu,Aldridge,Akker,1992-09-19T05:43:48Z,Zboncak-Gerhold,Research and Development
830,emayersn1@state.tx.us,Ewan,Mayers,2018-11-12T09:26:44Z,Bailey and Sons,Research and Development
831,ctrobridgen2@state.gov,Carmita,Trobridge,2002-02-03T00:26:04Z,"Schowalter, O'Keefe and O'Kon",Services
832,cmacairtn3@dagondesign.com,Cathee,MacAirt,2012-04-02T22:57:13Z,Fadel Group,Sales
833,jkerin4@booking.com,Jean,Keri,1996-12-21T09:10:16Z,Walter-Lemke,Human Resources
834,bstollmeiern5@github.io,Bartram,Stollmeier,1995-03-03T22:03:22Z,Skiles-Erdman,Marketing
835,keagletonn6@squidoo.com,Kurt,Eagleton,2018-07-16T08:46:20Z,"Witting, Herman and Wuckert",Human Resources
836,avorleyn7@washingtonpost.com,Andie,Vorley,2017-11-06T23:35:39Z,West Group,Product Management
837,rpoynern8@example.com,Rodolfo,Poyner,2016-10-03T22:02:20Z,Kovacek LLC,Legal
838,iradleighn9@telegraph.co.uk,Isidora,Radleigh,2015-09-03T23:28:53Z,"Koelpin, Bins and Kutch",Sales
839,hhandna@nymag.com,Hube,Hand,2010-02-20T06:46:25Z,Kassulke-Farrell,Business Development
840,hperringnb@123-reg.co.uk,Heda,Perring,2004-12-18T04:41:10Z,Greenfelder-Berge,Product Management
841,wlivardnc@fotki.com,Wheeler,Livard,1996-09-08T01:03:59Z,Upton and Sons,Product Management
842,pjankiewicznd@usgs.gov,Pepillo,Jankiewicz,2014-03-01T03:16:52Z,Johnson-Morar,Product Management
843,bsmythinne@canalblog.com,Bibbie,Smythin,2020-02-11T07:18:57Z,Zulauf-Champlin,Accounting
844,ebartoszinskinf@go.com,Eldon,Bartoszinski,2014-12-26T21:37:27Z,Leannon Inc,Sales
845,smenpesng@blog.com,Sawyer,Menpes,1997-07-30T22:42:32Z,Raynor LLC,Services
846,bgiroldinh@tuttocitta.it,Bartolomeo,Giroldi,2003-12-10T06:38:12Z,Nitzsche-Schmitt,Support
847,shorseyni@cloudflare.com,Sayres,Horsey,1998-06-20T13:03:23Z,Champlin Group,Human Resources
848,slenoirnj@forbes.com,Sophey,Lenoir,1995-06-25T23:47:06Z,McKenzie-Kuphal,Support
849,mrippingallnk@seesaa.net,Marlo,Rippingall,2014-10-21T08:16:53Z,"Kuvalis, Wisoky and Wehner",Support
850,aklimushevnl@ft.com,Ash,Klimushev,2004-07-28T16:44:58Z,Russel-Jenkins,Support
851,ldeatonnm@smh.com.au,Lolly,Deaton,2013-07-18T09:01:40Z,Metz-Cartwright,Product Management
852,bgartsydenn@dailymotion.com,Boycey,Gartsyde,2009-09-09T10:58:21Z,Lubowitz and Sons,Business Development
853,mterneyno@paginegialle.it,Monroe,Terney,2010-03-01T23:54:30Z,Ondricka-Green,Engineering
854,kkalinskynp@washingtonpost.com,Kala,Kalinsky,2015-10-21T08:19:24Z,"Satterfield, Crooks and Weissnat",Engineering
855,aburnnq@vkontakte.ru,Allina,Burn,2011-05-22T17:01:23Z,Kutch-Durgan,Services
856,asoldannr@senate.gov,Aurthur,Soldan,1993-11-30T11:15:36Z,Wolf-Weimann,Engineering
857,jlamputtns@themeforest.net,Joyan,Lamputt,2020-03-21T04:22:04Z,Feeney Inc,Accounting
858,epaikent@bandcamp.com,Evania,Paike,2011-11-06T01:41:08Z,"Kihn, Doyle and Towne",Services
859,lenriquenu@nih.gov,Latisha,Enrique,2000-12-24T01:52:18Z,Oberbrunner LLC,Business Development
860,morysnv@youtube.com,Manya,Orys,1993-12-27T06:28:41Z,"Spinka, Hills and Prohaska",Engineering
861,lrollernw@loc.gov,Lilla,Roller,2018-09-21T20:46:45Z,Konopelski-Williamson,Training
862,wcristoferinx@free.fr,Winny,Cristoferi,2015-09-26T15:14:32Z,Lockman-Botsford,Services
863,chopkynsonny@nyu.edu,Coraline,Hopkynson,2009-01-30T21:35:52Z,Beatty-Boehm,Research and Development
864,ktackernz@buzzfeed.com,Kyle,Tacker,2000-04-27T02:18:38Z,Hettinger-O'Conner,Research and Development
865,rstebbingso0@nationalgeographic.com,Roxy,Stebbings,2001-08-23T17:35:51Z,Cartwright-Cole,Services
866,hfurmageo1@microsoft.com,Helga,Furmage,2007-11-19T04:14:45Z,Hilll Group,Training
867,ckretchmero2@intel.com,Cello,Kretchmer,1999-09-22T18:49:28Z,"Lakin, O'Kon and Metz",Support
868,zgosnoldo3@bluehost.com,Zorine,Gosnold,1993-11-15T07:03:32Z,"Wisoky, Boehm and Legros",Accounting
869,nbartrapo4@virginia.edu,Natty,Bartrap,1998-08-07T05:14:17Z,Zieme-Lockman,Business Development
870,emartono5@devhub.com,Ennis,Marton,2009-09-18T11:13:58Z,Ledner-Ward,Engineering
871,hgarzo6@bandcamp.com,Hilliard,Garz,2008-10-29T20:29:25Z,"Pfannerstill, Lehner and Miller",Product Management
872,mcorradeschio7@businessweek.com,Marika,Corradeschi,1993-05-13T17:20:07Z,Lemke and Sons,Training
873,hstillo8@com.com,Hobie,Still,2011-04-06T01:36:11Z,Flatley-Marks,Engineering
874,gmorroweo9@dell.com,Giselbert,Morrowe,2006-05-01T02:51:52Z,"Schulist, Blick and Bernhard",Business Development
875,mmatejovskyoa@who.int,Mervin,Matejovsky,2006-10-21T02:56:58Z,"Cummerata, Fadel and Feil",Accounting
876,bvinterob@adobe.com,Bunny,Vinter,2019-01-30T05:47:50Z,"Pollich, Muller and Smith",Research and Development
877,bpundyoc@salon.com,Basil,Pundy,1993-03-03T12:11:44Z,"Lubowitz, Blanda and Jast",Product Management
878,bjindacekod@disqus.com,Breanne,Jindacek,1991-03-26T20:18:44Z,"Klocko, Ullrich and Ullrich",Business Development
879,umoratoe@stumbleupon.com,Urbano,Morat,2020-01-06T23:42:14Z,Rolfson Inc,Support
880,rbraunsteinof@123-reg.co.uk,Rik,Braunstein,1996-12-09T19:23:26Z,"Mante, Hartmann and Hahn",Training
881,mspurmanog@imgur.com,Mabelle,Spurman,2019-09-03T02:13:27Z,Beier-Walsh,Support
882,kcoweyoh@nydailynews.com,Ky,Cowey,2010-07-17T12:08:51Z,Hackett-Marks,Engineering
883,zstrelitzoi@dedecms.com,Zack,Strelitz,1992-01-24T09:16:34Z,"Dooley, Balistreri and Hilll",Business Development
884,bbaldonioj@nyu.edu,Bern,Baldoni,1992-11-28T07:03:24Z,Altenwerth-Schmidt,Services
885,obogueok@pbs.org,Odilia,Bogue,2018-01-13T17:29:32Z,Sanford-Gottlieb,Research and Development
886,ygregersenol@nbcnews.com,Yancy,Gregersen,2012-11-07T00:07:06Z,"Ruecker, Von and Lowe",Engineering
887,jburghom@free.fr,Jilleen,Burgh,2016-11-12T12:52:30Z,"Ferry, Kassulke and Reilly",Marketing
888,druggson@umich.edu,Duncan,Ruggs,2008-12-15T14:06:57Z,Lubowitz Group,Support
889,fraubheimoo@acquirethisname.com,Free,Raubheim,2010-08-17T01:45:26Z,Franecki-Bayer,Training
890,etomaskovop@sakura.ne.jp,Earvin,Tomaskov,1999-08-18T04:48:55Z,Corwin LLC,Accounting
891,dscholaroq@craigslist.org,Dorelia,Scholar,2009-06-19T23:03:51Z,"Wisozk, O'Reilly and Fahey",Business Development
892,dfessleror@bizjournals.com,Drusilla,Fessler,2002-02-14T00:41:04Z,Schumm Group,Marketing
893,bwrightonos@shop-pro.jp,Byran,Wrighton,2000-09-01T09:22:45Z,"Hermiston, Kihn and Mraz",Engineering
894,ncassonot@woothemes.com,Norris,Casson,2012-08-06T04:26:39Z,Legros Inc,Product Management
895,ktomblingou@tripadvisor.com,Kerrie,Tombling,2015-08-21T03:37:03Z,"Schamberger, Brekke and Kuhic",Training
896,smcdougaldov@cyberchimps.com,Samaria,McDougald,1998-07-14T14:56:37Z,Ortiz-Simonis,Services
897,cbenninckow@va.gov,Cindra,Benninck,2010-07-23T11:06:30Z,"Zieme, Toy and Jacobson",Legal
898,mbimox@salon.com,Marshal,Bim,1993-05-28T07:53:08Z,"Bergnaum, Nicolas and Hilpert",Support
899,dtabouroy@addthis.com,Denney,Tabour,2011-07-16T03:57:40Z,Weissnat-Mosciski,Engineering
900,broblettoz@sciencedaily.com,Blaine,Roblett,2011-09-08T21:36:09Z,Kohler-Simonis,Training
901,pgaskinp0@stumbleupon.com,Parker,Gaskin,2009-11-23T03:25:07Z,Becker-Terry,Sales
902,hortap1@nydailynews.com,Hugues,Orta,1997-12-26T17:09:29Z,Cruickshank and Sons,Sales
903,pplutherop2@yellowbook.com,Phip,Pluthero,2003-02-24T05:19:14Z,"Homenick, Hermann and Shields",Support
904,lmacgillep3@berkeley.edu,Levon,MacGille,1994-08-10T20:21:26Z,Koepp-Hermann,Marketing
905,jramptonp4@spotify.com,Jard,Rampton,2009-03-01T19:20:39Z,Pagac-Lubowitz,Sales
906,bpatchettp5@ameblo.jp,Boyce,Patchett,2012-04-15T14:44:17Z,Hilll and Sons,Marketing
907,martingstallp6@latimes.com,Marylee,Artingstall,2006-11-26T12:53:29Z,O'Kon-Mraz,Training
908,nclissettp7@geocities.com,Nari,Clissett,2009-04-24T15:03:46Z,Ziemann LLC,Human Resources
909,dhavilep8@w3.org,Der,Havile,2001-08-29T17:04:34Z,Reilly LLC,Business Development
910,jfontp9@wix.com,Jewelle,Font,1993-11-07T21:57:07Z,"Hegmann, Reilly and Hyatt",Support
911,gtremolierespa@photobucket.com,Genni,Tremolieres,2020-04-09T03:46:10Z,"Von, Carter and Greenholt",Support
912,amongerpb@godaddy.com,Alaric,Monger,1992-04-09T16:11:52Z,Monahan Group,Marketing
913,bfucherpc@issuu.com,Bradley,Fucher,1992-10-28T14:16:03Z,"McClure, Cremin and Veum",Support
914,rgrininpd@aol.com,Roi,Grinin,2005-03-01T11:53:11Z,Ward-Swift,Training
915,pcorrieape@time.com,Paddy,Corriea,2005-01-22T21:40:08Z,"Gislason, Cassin and Gibson",Marketing
916,cwillcotpf@tmall.com,Corissa,Willcot,2009-06-26T17:24:57Z,Grant-Green,Services
917,rmoninipg@japanpost.jp,Rasla,Monini,1991-04-09T04:30:53Z,"Gislason, Quitzon and Bahringer",Services
918,ubiggarph@imgur.com,Ula,Biggar,2002-10-03T06:26:57Z,Mraz-Gleichner,Support
919,jgoldthorppi@google.co.uk,Jillie,Goldthorp,2013-05-02T12:03:59Z,"Kuvalis, Jaskolski and Borer",Sales
920,dbedwellpj@printfriendly.com,Deanne,Bedwell,2001-05-14T10:44:54Z,Nader-Block,Services
921,dmedmorepk@plala.or.jp,Dilly,Medmore,1995-03-23T11:54:22Z,"Donnelly, Schumm and Bartoletti",Human Resources
922,bsmeuinpl@cafepress.com,Bette-ann,Smeuin,2010-02-17T16:15:25Z,Hahn Group,Product Management
923,jpablopm@princeton.edu,Judie,Pablo,1994-10-24T19:33:31Z,Romaguera-Heaney,Business Development
924,kbernadepn@gravatar.com,Kikelia,Bernade,1992-04-15T21:35:28Z,Barrows Inc,Services
925,npiscotpo@example.com,Nester,Piscot,2017-02-24T19:32:43Z,Green Inc,Accounting
926,jceschellipp@privacy.gov.au,Jeramie,Ceschelli,2012-11-03T10:49:54Z,Block-Welch,Marketing
927,cgreensteadpq@squarespace.com,Calv,Greenstead,2007-10-13T16:37:39Z,Littel-O'Keefe,Services
928,cloidlpr@usgs.gov,Cherry,Loidl,2002-05-21T15:34:50Z,Beer LLC,Human Resources
929,jgillfordps@abc.net.au,Jehu,Gillford,2000-05-25T12:44:42Z,Hintz Group,Engineering
930,ewhitewaypt@360.cn,Elliott,Whiteway,1993-10-18T09:44:38Z,"Will, Toy and Quitzon",Legal
931,hhanmorepu@bbc.co.uk,Hank,Hanmore,1990-02-10T19:44:03Z,Mayert Group,Marketing
932,jharlockpv@elpais.com,Jo,Harlock,2014-07-22T01:35:55Z,"Braun, Haag and Ruecker",Business Development
933,dbrettellepw@jiathis.com,Donn,Brettelle,2014-07-11T13:41:05Z,"Turner, Schaefer and Schamberger",Product Management
934,dlarradpx@goodreads.com,Domenico,Larrad,2001-10-29T13:20:56Z,"Wilderman, Heaney and Keeling",Product Management
935,escudamorepy@businessweek.com,Erena,Scudamore,2002-10-02T10:56:35Z,Yundt-Marvin,Product Management
936,aoslerpz@privacy.gov.au,Ave,Osler,1993-07-25T02:11:32Z,Feest-Moen,Support
937,cgludorq0@weather.com,Chaddy,Gludor,2019-12-17T19:39:12Z,"Schmeler, Ziemann and Bosco",Training
938,gcloseq1@elegantthemes.com,Goober,Close,1993-10-19T03:25:33Z,Adams-Herzog,Sales
939,osucklingq2@timesonline.co.uk,Obadias,Suckling,2011-02-07T00:33:36Z,Rosenbaum Inc,Research and Development
940,gdunnicoq3@infoseek.co.jp,Glenine,Dunnico,1999-05-14T14:31:38Z,"Torphy, Wilkinson and Purdy",Human Resources
941,zolivettiq4@weather.com,Zebadiah,Olivetti,2006-08-29T02:48:18Z,"Towne, Brakus and Kirlin",Sales
942,ssillisq5@wikimedia.org,Skippie,Sillis,1994-03-29T17:52:56Z,"Weimann, Osinski and Rohan",Marketing
943,bcamelq6@ibm.com,Bent,Camel,2016-06-29T10:51:51Z,Hane Group,Business Development
944,ebartolicq7@gravatar.com,Evita,Bartolic,1993-01-10T16:08:32Z,Johnston-Senger,Training
945,nturfsq8@eepurl.com,Nissa,Turfs,2012-06-28T21:34:56Z,"White, Kub and Mueller",Training
946,tdanielianq9@woothemes.com,Tremayne,Danielian,2013-04-27T17:31:46Z,"Boyer, Prosacco and Howe",Human Resources
947,mbolandqa@harvard.edu,Marti,Boland,1999-08-07T15:28:42Z,"Bayer, Ritchie and Zemlak",Product Management
948,lbilsborrowqb@tuttocitta.it,Lissie,Bilsborrow,1990-10-30T16:19:44Z,Bergnaum Group,Research and Development
949,jlondingqc@senate.gov,Jeannie,Londing,2005-09-09T03:44:51Z,Auer-Renner,Services
950,wgoranovqd@bloglines.com,Wilbert,Goranov,1997-05-24T09:36:45Z,"Cassin, Jast and Kub",Accounting
951,evasilievqe@illinois.edu,Erinna,Vasiliev,2014-07-25T11:16:07Z,"Jacobs, Crooks and Aufderhar",Training
952,emartignoniqf@booking.com,Elston,Martignoni,1995-01-26T01:50:27Z,"Braun, Skiles and Collier",Human Resources
953,sfordyqg@jalbum.net,Sonni,Fordy,2000-07-28T08:38:46Z,"Abbott, Adams and Quitzon",Services
954,emegroffqh@auda.org.au,Emelda,Megroff,2000-09-30T03:36:52Z,Shanahan and Sons,Accounting
955,ldrohaneqi@mapquest.com,Lil,Drohane,1992-03-15T18:53:07Z,Rosenbaum-Konopelski,Support
956,ntruswellqj@spiegel.de,Nikolia,Truswell,2014-11-09T06:55:59Z,Bogisich LLC,Legal
957,jwallsamqk@taobao.com,Juieta,Wallsam,1994-12-14T20:47:01Z,Bechtelar LLC,Product Management
958,vharveyql@sphinn.com,Vincent,Harvey,2003-02-18T07:33:14Z,Altenwerth-Witting,Research and Development
959,jdallingqm@squidoo.com,Janeta,Dalling,2015-12-18T14:58:07Z,"Stracke, Schumm and Langosh",Engineering
960,egarkenqn@twitter.com,Estevan,Garken,2003-09-16T17:14:01Z,"Glover, Lynch and Jerde",Training
961,gsuffqo@cargocollective.com,Georgie,Suff,1990-08-26T13:38:08Z,Kessler-Koch,Training
962,cmintoqp@newsvine.com,Celisse,Minto,1999-08-11T17:57:22Z,Conroy-Goyette,Accounting
963,rbradlaughqq@weibo.com,Rachel,Bradlaugh,2001-02-13T21:13:24Z,"Larkin, Green and Ziemann",Research and Development
964,tmanuelliqr@blogspot.com,Teresita,Manuelli,1999-12-26T08:08:44Z,Spencer-Waters,Support
965,vszepeqs@forbes.com,Vanya,Szepe,2003-03-27T01:17:56Z,Rath-Mraz,Support
966,spicktonqt@soundcloud.com,Sophronia,Pickton,2019-04-14T05:00:51Z,Littel-Conn,Support
967,bkennadyqu@sun.com,Bailie,Kennady,2014-02-16T06:16:44Z,"Blanda, Keeling and Langworth",Business Development
968,aletchmoreqv@cargocollective.com,Artair,Letchmore,2018-05-04T19:27:27Z,Fay-Erdman,Human Resources
969,sduxburyqw@nsw.gov.au,Sasha,Duxbury,1994-05-15T22:02:58Z,Steuber-Purdy,Business Development
970,fbamforthqx@marketwatch.com,Farah,Bamforth,1996-04-17T12:53:05Z,"Orn, Emard and Rolfson",Marketing
971,cdiggellqy@ovh.net,Claretta,Diggell,2009-09-08T02:15:27Z,Heller-Fay,Sales
972,amatityahuqz@sogou.com,Aurore,Matityahu,2018-01-21T19:19:19Z,Braun-Wiza,Human Resources
973,rburbankr0@dot.gov,Ranna,Burbank,1995-01-05T23:37:51Z,"Weissnat, Hahn and Konopelski",Legal
974,rnannonir1@stanford.edu,Rod,Nannoni,2013-09-27T19:47:33Z,McClure Inc,Engineering
975,cangelr2@simplemachines.org,Cross,Angel,1995-12-31T14:18:42Z,Kohler and Sons,Business Development
976,qraatzr3@themeforest.net,Quinlan,Raatz,2017-03-22T07:07:29Z,Murray Group,Sales
977,sscarthr4@mediafire.com,Sammy,Scarth,2003-06-16T09:38:02Z,Langosh Inc,Business Development
978,edoolerr5@ucsd.edu,Essa,Dooler,1991-04-14T07:40:36Z,Hegmann-Predovic,Human Resources
979,amerrittr6@vk.com,Adelice,Merritt,1996-02-09T13:29:25Z,"Greenholt, Olson and West",Product Management
980,uaccombr7@hud.gov,Ursulina,Accomb,2014-11-18T05:10:33Z,"Yost, Bechtelar and Dickens",Training
981,rneilusr8@si.edu,Roddy,Neilus,2001-08-13T10:36:36Z,Schaefer-Howell,Services
982,rmccoveneyr9@princeton.edu,Renata,McCoveney,1994-07-11T04:14:09Z,Schmeler Inc,Marketing
983,sohairera@blogs.com,Sally,O'Haire,2006-03-22T02:17:50Z,Lindgren-Cole,Human Resources
984,dmcavincheyrb@nytimes.com,Dian,McAvinchey,2008-03-31T02:11:33Z,"Streich, Stoltenberg and Price",Research and Development
985,mcoomesrc@nih.gov,Megan,Coomes,2020-04-30T15:05:00Z,"Keebler, Kunde and Anderson",Marketing
986,acuppleditchrd@washingtonpost.com,Amandy,Cuppleditch,2011-09-11T17:17:49Z,Tromp and Sons,Research and Development
987,kwixonre@who.int,Kimbra,Wixon,2013-09-02T07:51:30Z,Boyer Inc,Services
988,bcallaghanrf@cafepress.com,Bonnibelle,Callaghan,1991-03-19T20:12:40Z,"Nitzsche, Wolff and Goldner",Legal
989,mgentiryrg@feedburner.com,Maximilien,Gentiry,2017-10-06T19:49:26Z,Stoltenberg Group,Business Development
990,dwemesrh@phoca.cz,Donaugh,Wemes,2011-09-16T05:23:57Z,Kuphal Inc,Services
991,pperellori@apache.org,Phyllys,Perello,2007-05-30T09:27:39Z,Borer-Gibson,Support
992,dscopynrj@timesonline.co.uk,Dorelia,Scopyn,2006-11-01T22:29:58Z,"Donnelly, Botsford and Beer",Legal
993,akidwellrk@sun.com,Amity,Kidwell,1991-09-04T03:34:11Z,Rau Group,Business Development
994,kmarietterl@shinystat.com,Kate,Mariette,2011-04-13T05:51:17Z,"Muller, Bergnaum and Cremin",Training
995,mchadwyckrm@hud.gov,Meredeth,Chadwyck,2013-03-01T13:09:09Z,Satterfield-Osinski,Engineering
996,aingamellsrn@clickbank.net,Aila,Ingamells,2005-03-27T23:34:37Z,White and Sons,Product Management
997,htestroro@wordpress.org,Hoebart,Testro,2013-01-21T12:08:28Z,Buckridge Group,Sales
998,cyoulerp@wordpress.com,Cointon,Youle,1997-06-07T19:30:46Z,"Hickle, Hodkiewicz and Howe",Research and Development
999,aspandleyrq@istockphoto.com,Ambrosius,Spandley,2007-03-25T17:59:50Z,"Koelpin, Tromp and Toy",Training
1000,wlesleyrr@vinaora.com,Winona,Lesley,1997-06-21T13:41:53Z,Kessler LLC,Services
